tree
version=v4
num_class=1
num_tree_per_iteration=1
label_index=0
max_feature_idx=11
objective=binary sigmoid:1
feature_names=weakness difficulty_fit style_preference quality duration_fit graph_distance_fit positive_feedback negative_feedback novelty engagement forgetting_risk mastery_confidence
feature_infos=[0.160166:0.730657] [0.65000000000000002:0.99999300000000002] [0:1] none [0.33333333333333337:1] [0.33333299999999999:1] [0:1] [0:1] [0:1] [0.3125:0.92000000000000004] [0.1303:0.65000000000000002] [0.25:1]
tree_sizes=3376 3440 3455 3466 3475 3462 3454 3474 3466 3458 3464 3466 3472 3463 3475 3470 3466 3481 3474 3483 3487 3483 3489 3488 3483 3486 3487 3486 3484 3482 3496 3489 3485 3492 3458 3495 3487 3491 3497 3491 3485 3491 3503 3500 3491 3503 3507 3487 3503 3485 3489 3485 3460 3507 3498 3497 3483 3481 3477 3458 3446 3487 3474 3468 3456 3468 3460 3468 3449 3492 3452 3484 3460 3425 3464 3464 3475 3455 3439 3485

Tree=0
num_leaves=31
num_cat=0
split_feature=6 0 0 9 6 0 0 0 11 0 9 11 1 1 6 0 0 6 0 0 11 5 9 10 1 2 1 1 7 10
split_gain=10270.1 1535.98 695.046 345.944 320.835 247.922 217.544 182.986 129.829 116.742 91.8252 80.7473 55.8631 45.8154 43.3112 42.9174 39.8972 35.7531 33.8357 33.278 30.881 27.3937 26.3483 25.8785 23.9499 23.6715 21.4915 19.1418 19.0245 19.3013
threshold=0.084523500000000015 0.48441000000000006 0.49729600000000002 0.48915000000000003 1.0000000180025095e-35 0.56523200000000007 0.40517750000000002 0.58179300000000012 0.94500000000000017 0.59492350000000005 0.50755000000000006 0.81000000000000016 0.95191550000000014 0.89040800000000009 0.14907400000000001 0.43307650000000003 0.52759550000000011 0.54006450000000006 0.53387150000000017 0.63904900000000009 0.65000000000000002 0.75000000000000011 0.52285000000000015 0.41815000000000008 0.81381700000000012 0.70055000000000012 0.85078350000000003 0.94199650000000013 0.83558550000000009 0.40805000000000008
decision_type=2 2 2 2 2 2 2 2 2 2 2 2 2 2 2 2 2 2 2 2 2 2 2 2 2 2 2 2 2 2
left_child=2 3 11 -2 7 10 17 8 18 27 -3 -1 19 24 -12 -13 -10 21 -4 22 -19 -5 -7 -22 -8 -16 -26 -6 29 -23
right_child=1 5 4 6 9 12 13 -9 16 -11 14 15 -14 -15 25 -17 -18 20 -20 -21 23 28 -24 -25 26 -27 -28 -29 -30 -31
leaf_value=-1.2927102314629599 -1.2393270996364414 -1.2562516695929171 -1.3229394564743777 -1.1238329033337826 -1.2671124200366974 -1.2784400696504978 -1.2150590076814762 -1.3395889110491759 -1.2828159139006738 -1.3152693883955209 -1.2450243883437597 -1.2074440293067559 -1.3247111957069679 -1.2135419756287908 -1.2311709987788146 -1.2590192638428741 -1.3101894841727681 -1.1929924297079793 -1.3354857780643583 -1.3030845158500326 -1.110152859909078 -1.1567557037060825 -1.2531407506745138 -1.1770358174029183 -1.1692016272366359 -1.2061952191835383 -1.1892994589205985 -1.3107337184330983 -1.1969628325104573 -1.1907948277726468
leaf_weight=187.68965971469879 245.453354626894 383.84906941652298 1368.7115979194641 48.785759925842285 282.04267457127571 248.16367462277412 63.353729903697968 2946.6260205209255 177.52595973014832 286.95512956380844 182.09962472319603 47.261204928159714 59.627039909362793 191.58574470877647 152.62489476799965 275.26687458157539 532.06969419121742 16.939499974250793 884.75008365511894 80.123834878206253 93.50603985786438 405.36223438382149 175.83200973272324 17.108894973993301 197.34517470002174 250.70459961891174 408.07255437970161 27.611384958028793 38.283269941806793 46.414229929447174
leaf_count=1108 1449 2266 8080 288 1665 1465 374 17395 1048 1694 1075 279 352 1131 901 1625 3141 100 5223 473 552 2393 1038 101 1165 1480 2409 163 226 274
internal_value=-1.2886 -1.21593 -1.32283 -1.18423 -1.32724 -1.25258 -1.17537 -1.33077 -1.32199 -1.29229 -1.23725 -1.26664 -1.27895 -1.19198 -1.22478 -1.25146 -1.30334 -1.15393 -1.32787 -1.27353 -1.13013 -1.15956 -1.26795 -1.1205 -1.18581 -1.21565 -1.18275 -1.271 -1.16312 -1.16025
internal_weight=10321.7 3305.24 7016.51 1772.21 6506.29 1533.02 1526.76 5909.68 2963.06 596.609 969.278 510.218 563.747 860.357 585.429 322.528 709.596 666.4 2253.46 504.12 127.554 538.845 423.996 110.615 668.771 403.329 605.418 309.654 490.06 451.776
internal_count=60933 19512 41421 10462 38409 9050 9013 34887 17492 3522 5722 3012 3328 5079 3456 1904 4189 3934 13303 2976 753 3181 2503 653 3948 2381 3574 1828 2893 2667
is_linear=0
shrinkage=1


Tree=1
num_leaves=31
num_cat=0
split_feature=6 0 0 9 6 0 0 0 11 0 11 9 1 0 0 11 6 9 0 2 0 6 11 1 0 9 1 7 10 9
split_gain=9064.95 1231.5 646.257 305.984 304.333 179.458 165.71 153.292 120.702 106.78 70.5711 59.6837 50.7811 46.8702 44.1571 48.23 40.597 38.3751 35.5519 32.5055 29.9523 29.8964 27.0381 25.1413 23.746 23.275 23.1007 23.2941 21.2632 20.9433
threshold=0.084523500000000015 0.49563750000000006 0.49729600000000002 0.5101500000000001 0.031754000000000011 0.55126100000000011 0.56523200000000007 0.40517750000000002 0.81000000000000016 0.59492350000000005 0.81000000000000016 0.48045000000000004 0.95191550000000014 0.41363700000000009 0.6082915000000001 0.94500000000000017 0.25290700000000005 0.46445000000000008 0.43307650000000003 0.38905000000000006 0.63070900000000008 0.16172600000000001 0.94500000000000017 0.92724950000000017 0.42624350000000005 0.52995000000000014 0.73372300000000013 0.83558550000000009 0.37935000000000008 0.48675000000000007
decision_type=2 2 2 2 2 2 2 2 2 2 2 2 2 2 2 2 2 2 2 2 2 2 2 2 2 2 2 2 2 2
left_child=2 3 10 13 5 8 11 19 -4 -6 -1 -3 20 17 15 -7 -13 -2 -12 -5 25 24 -18 -23 -9 -8 -21 -28 -29 -15
right_child=1 6 4 7 9 14 12 21 -10 -11 18 16 -14 29 -16 -17 22 -19 -20 26 -22 23 -24 -25 -26 -27 27 28 -30 -31
leaf_value=-0.0039137237045895326 0.027742289155500879 0.020530774344655316 -0.035289702724339921 0.14811474251013385 0.017902703351005602 -0.048878919691316275 0.011223606974259469 0.11216002300531598 -0.0053835875172571334 -0.025426373251818991 0.07362046942839863 0.044565630804326378 -0.035042525871048315 0.036976239054818061 -0.052116308808366874 -0.031827382126184127 0.017924291164943471 0.099384031394801675 0.027625891339500542 0.020534422530249841 -0.0098747418721240807 0.093713292226121458 0.081979660502172494 0.004300153470629401 0.063372401468963419 0.036112082402134246 0.11857748073956115 0.10135681505657504 0.01044277181146803 0.061807860555325778
leaf_weight=187.25163650512695 23.855676308274269 201.14021173119545 1553.4807813763618 85.978157088160515 299.03421872854233 929.62839816510677 257.39297698438168 29.318397909402847 430.99602191150188 271.09735086560249 49.434036836028099 471.07488316297531 58.404056549072266 219.39830017089844 2130.5995750427246 748.66793636977673 18.765320047736168 86.356157392263412 279.88780289888382 6.3736399710178366 103.11710911989212 699.57347975671291 134.93508814275265 7.9511986523866645 167.04054583609104 147.91955900192261 553.71153849363327 21.025777369737629 9.2655968070030195 138.52726803719997
leaf_count=1108 137 1166 9364 470 1748 5643 1509 164 2562 1625 279 2699 352 1262 12952 4515 107 486 1625 35 611 3918 767 45 940 856 3034 118 52 784
internal_value=-5.08212e-05 0.0662065 -0.0331899 0.0908708 -0.037556 -0.0409862 0.0299317 0.101389 -0.0287946 -0.00270026 0.0205947 0.0442195 0.00911322 0.0553659 -0.0473382 -0.0412724 0.0518459 0.083877 0.0345301 0.119392 0.0141855 0.087918 0.0741591 0.0927085 0.0706569 0.0203067 0.115209 0.116242 0.0735478 0.0465868
internal_weight=10321.2 3441.12 6880.08 2048.38 6363.5 5793.37 1392.75 1580.24 1984.48 570.132 516.573 825.916 566.834 468.137 3808.9 1678.3 624.775 110.212 329.322 676.355 508.43 903.884 153.7 707.525 196.359 405.313 590.377 584.003 30.2914 357.926
internal_count=60933 19512 41421 11445 38409 35036 8067 8776 11926 3373 3012 4739 3328 2669 23110 10158 3573 623 1904 3709 2976 5067 874 3963 1104 2365 3239 3204 170 2046
is_linear=0
shrinkage=0.05


Tree=2
num_leaves=31
num_cat=0
split_feature=6 0 0 6 9 0 0 0 11 0 11 9 1 8 0 6 0 1 0 2 6 6 11 1 5 1 11 0 2 0
split_gain=8042.03 1007.14 601.036 288.778 244.147 174.326 151.762 142.749 118.678 96.4879 61.8657 50.4863 46.1849 37.0932 34.895 33.3594 32.3136 31.069 29.842 28.9823 31.054 28.4135 22.1863 21.3549 18.0941 18.0507 18.0338 26.9096 19.2585 17.9163
threshold=0.084523500000000015 0.49563750000000006 0.49729600000000002 1.0000000180025095e-35 0.48915000000000003 0.58179300000000012 0.41635200000000006 0.56523200000000007 0.94500000000000017 0.59492350000000005 0.81000000000000016 0.48045000000000004 0.95191550000000014 1.0000000180025095e-35 0.52759550000000011 0.25290700000000005 0.52652700000000008 0.87862200000000013 0.43534200000000006 0.53275000000000017 0.20761500000000002 0.45227250000000002 0.94500000000000017 0.91897950000000017 0.75000000000000011 0.81381700000000012 0.94500000000000017 0.43071150000000008 0.8519500000000001 0.61565050000000021
decision_type=2 2 2 2 2 2 2 2 2 2 2 2 2 2 2 2 2 2 2 2 2 2 2 2 2 2 2 2 2 2
left_child=2 4 10 5 26 8 13 11 16 -5 -1 -3 19 21 -10 -13 -4 25 -12 -9 23 24 -17 -21 -6 -8 -2 28 -28 -7
right_child=1 7 3 9 6 29 17 12 14 -11 18 15 -14 -15 -16 22 -18 -19 -20 20 -22 -23 -24 -25 -26 -27 27 -29 -30 -31
leaf_value=-0.003726557579902515 0.021732909281821814 0.019278167682527554 -0.031793313151763196 0.015581634475828658 0.14113723618960289 -0.043338753060026457 0.056115862072514323 -0.0076928194868488261 0.0057631142970797529 -0.024804153438221375 0.066019910231878851 0.041301373451925687 -0.03399889566434109 0.08536859711671084 -0.019916765587285667 0.016858782413823898 -0.04416190574148645 0.063680790319582348 0.025603848700489859 0.022693349413463074 0.048379240381710348 0.12455415186968513 0.074484415791805009 -0.0047270168547271464 0.10012483034309537 0.0851985649717103 0.056308168121694015 0.036487460653437741 0.11382244792219115 -0.05180251440655409
leaf_weight=186.83446604013443 89.246578842401505 203.4377449452877 1227.8394092470407 315.61777280271053 28.645984798669815 949.84684805572033 59.283031091094017 123.89950262010098 177.56637501716614 278.3086616396904 54.535706341266632 482.58037500083447 57.217558860778809 206.33226846158504 518.77396975457668 18.948877558112144 926.54335993528366 360.84167221188545 281.04796120524406 201.24535389244556 77.579773470759392 216.0397741496563 140.92261934280396 109.71655587852001 439.60336402058601 533.44747388362885 45.18389405310154 145.8478502035141 21.471507415175438 1829.7214544564486
leaf_count=1108 501 1166 7544 1828 146 5922 321 720 1048 1694 297 2699 352 1074 3141 107 5759 1956 1607 1166 447 1111 767 643 2296 2848 251 822 119 11473
internal_value=-9.13328e-05 0.0606929 -0.0321788 -0.0365024 0.0822878 -0.0400003 0.0891097 0.0279554 -0.0313127 -0.00334279 0.0193334 0.0409854 0.00860705 0.103951 -0.0133684 0.0478592 -0.0371127 0.075248 0.0321719 0.0133643 0.0200791 0.109554 0.0676543 0.0130186 0.102634 0.0822898 0.0405944 0.0485159 0.0748351 -0.0489102
internal_weight=10308.1 3561.49 6746.64 6224.22 2145.94 5630.29 1844.19 1415.55 2850.72 593.926 522.418 845.89 569.659 890.621 696.34 642.452 2154.38 953.572 335.584 512.441 388.542 684.289 159.871 310.962 468.249 592.731 301.75 212.503 66.6554 2779.57
internal_count=60933 19512 41421 38409 11445 34887 9752 8067 17492 3522 3012 4739 3328 4627 4189 3573 13303 5125 1904 2976 2256 3553 874 1809 2442 3169 1693 1192 370 17395
is_linear=0
shrinkage=0.05


Tree=3
num_leaves=31
num_cat=0
split_feature=6 0 0 6 9 0 0 11 0 0 9 11 1 0 0 0 0 6 6 1 6 8 9 1 10 11 0 2 11 1
split_gain=7163.91 838.197 559.068 273.75 178.455 170.895 157.393 114.941 98.8396 88.3562 56.5949 54.3794 42.017 40.0389 32.8773 26.1178 26.0733 25.0932 24.1336 20.4596 19.2409 19.6238 19.0185 18.6733 18.3335 18.2467 18.0289 17.8371 17.1693 15.6873
threshold=0.084523500000000015 0.48310950000000003 0.49729600000000002 0.031754000000000011 0.48915000000000003 0.58179300000000012 0.56523200000000007 0.81000000000000016 0.40517750000000002 0.59492350000000005 0.50755000000000006 0.81000000000000016 0.95191550000000014 0.52759550000000011 0.52759550000000011 0.63904900000000009 0.45140800000000009 0.14907400000000001 0.19139200000000003 0.90546550000000015 0.54006450000000006 1.0000000180025095e-35 0.52285000000000015 0.89419100000000007 0.38985000000000009 0.81000000000000016 0.61565050000000021 0.52445000000000008 0.94500000000000017 0.84551650000000012
decision_type=2 2 2 2 2 2 2 2 2 2 2 2 2 2 2 2 2 2 2 2 2 2 2 2 2 2 2 2 2 2
left_child=2 4 11 5 -2 7 10 14 20 23 29 -1 15 -9 -4 22 -13 -12 19 -10 -6 -22 -8 -5 25 -20 28 -19 -7 -3
right_child=1 6 3 9 8 26 12 13 18 -11 17 16 -14 -15 -16 -17 -18 27 24 -21 21 -23 -24 -25 -26 -27 -28 -29 -30 -31
leaf_value=-0.0035479736119863031 0.038757958634685279 0.13031662405912189 -0.031442682217809007 0.030590058848149235 0.09227523434896967 -0.049673494022856778 0.0084723952671341037 0.0044000661609146117 0.065641332615981346 -0.023635746954500107 0.035011664781710951 0.052538082359004534 -0.032978587873797371 -0.020946292131206704 -0.044546422846346093 -0.013790733027317868 0.021546065580178783 0.035541706512643823 0.057566162858627416 0.026283251981422853 0.11986284683165993 0.072310218566347589 0.029595174273547825 0.0054728492973960697 0.068340248549387222 0.089576224092979245 -0.05077637622455819 0.061036330609862147 -0.036022270986855162 0.025180228730789563
leaf_weight=186.43722373247147 261.00566858053207 3.5792184919118872 1186.7215660065413 126.63979828357697 642.12702019512653 420.02551221847534 252.45108772814274 209.11589714884758 275.85012821853161 263.2459569722414 199.2940372377634 93.440871492028236 56.068034648895264 611.21155460178852 802.29842640459538 79.36621855199337 247.92288359999657 84.267156988382339 51.713907107710838 37.509356379508972 129.3027665168047 26.069988176226616 184.40719804167747 178.01450675725937 289.41840562224388 320.0157744884491 1781.2658916264772 369.17236705124378 509.9946096688509 406.53893375396729
leaf_count=1108 1430 20 7434 725 3181 2700 1465 1237 1427 1625 1091 506 352 3763 5125 473 1398 452 265 198 624 129 1038 1023 1496 1635 11526 1962 3251 2274
internal_value=-0.000123788 0.0559214 -0.0311958 -0.0354751 0.0773566 -0.0388755 0.0292706 -0.0302333 0.0830419 -0.00241917 0.0406536 0.0181688 0.00813022 -0.0144851 -0.0367283 0.0125951 0.0300295 0.0497991 0.0723594 0.0609301 0.0960955 0.111884 0.0173888 0.0159137 0.0777764 0.0851231 -0.0478303 0.0562984 -0.0421876 0.0260978
internal_weight=10284.5 3668.16 6616.33 6088.53 2033.01 5520.63 1635.14 2809.35 1772.01 567.9 1062.85 527.801 572.293 820.327 1989.02 516.225 341.364 652.734 974.508 313.359 797.5 155.373 436.858 304.654 661.148 371.73 2711.29 453.44 930.02 410.118
internal_count=60933 19512 41421 38409 10385 35036 9127 17559 8955 3373 5799 3012 3328 5000 12559 2976 1904 3505 5021 1625 3934 753 2503 1748 3396 1900 17477 2414 5951 2294
is_linear=0
shrinkage=0.05


Tree=4
num_leaves=31
num_cat=0
split_feature=6 0 0 0 0 0 11 9 1 9 2 0 0 7 0 6 11 6 8 9 6 0 9 11 9 0 10 11 1 9
split_gain=6409.25 962.17 374.75 192.632 182.248 179.635 156.991 103.896 47.2778 40.9944 40.0209 37.1696 34.1946 33.6224 33.3029 32.2554 32.359 30.436 27.4955 24.8673 24.538 22.7183 18.9532 17.8262 17.7409 16.5838 16.3151 16.2984 16.1839 16.3197
threshold=0.054805000000000006 0.50164150000000018 0.49729600000000002 0.41635200000000006 0.58459700000000014 0.59492350000000005 0.94500000000000017 0.51615000000000011 0.92011500000000013 0.46445000000000008 0.49285000000000007 0.5500655000000001 0.44564100000000001 0.83558550000000009 0.53387150000000017 0.14907400000000001 0.94500000000000017 0.20761500000000002 1.0000000180025095e-35 0.57625000000000015 0.035098500000000012 0.63904900000000009 0.48765000000000008 0.94500000000000017 0.47295000000000004 0.61565050000000021 0.40805000000000008 0.81000000000000016 0.93199100000000012 0.67295000000000016
decision_type=2 2 2 2 2 2 2 2 2 2 2 2 2 2 2 2 2 2 2 2 2 2 2 2 2 2 2 2 2 2
left_child=2 3 12 9 6 8 14 22 10 -2 -3 24 -1 28 26 -12 -17 21 19 -11 25 -7 -5 -14 -8 -6 -4 -20 29 -9
right_child=1 5 4 7 20 17 11 13 -10 18 15 -13 23 -15 -16 16 -18 -19 27 -21 -22 -23 -24 -25 -26 -27 -28 -29 -30 -31
leaf_value=0.045743287528791123 0.023748458577359636 0.013126609134275375 -0.026710851020939126 0.027883416946909108 -0.041273848516955654 -0.0029242360978404651 -0.014858759266486825 0.072319894401314908 0.009168784343744912 0.080153015189423055 0.028010485330790098 -0.020062882875164723 -0.0048980769500088644 0.049082654528086474 -0.043134176347345711 0.0055522733198065102 0.053004113701695589 0.028082571411491682 0.026834218206925643 0.097894426395777792 -0.022024125839376341 -0.02657893996643625 0.047530334317268941 0.0170730776609565 0.0078831794258395604 -0.049818993537271254 -0.039394757989919288 0.073846257372810795 -0.018178102129989007 0.023778489201692177
leaf_weight=62.875439077615738 28.276203230023384 194.76901161670685 914.83211137354374 278.03072248399258 843.94966168701649 265.38063590228558 122.23118977248669 674.11224903166294 253.19508531689644 384.90272146463394 380.43598635494709 420.74928861856461 188.61640030145645 251.21771638095379 825.67552252113819 39.872422322630882 363.1464516967535 53.310707256197929 20.143275380134583 405.68829689919949 102.04655256867409 164.37369276583195 219.79445618391037 180.82498186826706 287.36384283006191 1735.1483405530453 350.72336965799332 217.51842866837978 5.1167619526386252 17.771652102470398
leaf_count=341 152 1074 5840 1515 5542 1574 730 3360 1428 1856 2113 2607 1116 1304 5419 218 1928 304 99 1917 633 1015 1138 1007 1710 11586 2240 1051 27 89
internal_value=-0.000149839 0.0471438 -0.0331968 0.0669119 -0.0366578 0.018289 -0.028019 0.0550544 0.0284257 0.0831408 0.03341 -0.00962529 0.011657 0.0647654 -0.0353225 0.0384525 0.0483095 -0.00755139 0.0847741 0.0892569 -0.0460713 -0.0119718 0.0365577 0.00585582 0.00109654 -0.0470228 -0.0302259 0.0698617 0.0704179 0.0710731
internal_weight=10252.1 4217.06 6035.04 2502.57 5602.72 1714.48 2921.58 1446.04 1231.42 1056.53 978.224 830.344 432.317 948.218 2091.23 783.455 403.019 483.065 1028.25 790.591 2681.14 429.754 497.825 369.441 409.595 2579.1 1265.56 237.662 697.001 691.884
internal_count=60933 22162 38771 12508 36307 9654 18546 7433 6761 5075 5333 5047 2464 4780 13499 4259 2146 2893 4923 3773 17761 2589 2653 2123 2440 17128 8080 1150 3476 3449
is_linear=0
shrinkage=0.05


Tree=5
num_leaves=31
num_cat=0
split_feature=6 0 0 11 0 0 9 0 0 11 0 7 9 0 9 0 7 1 10 2 7 1 1 7 6 1 8 11 6 9
split_gain=5771.25 860.19 342.239 221.086 190.11 146.444 84.5104 51.0898 48.1766 59.2869 43.0942 42.5514 39.7154 31.8881 31.8125 29.1192 28.218 22.8194 21.395 20.284 16.9346 16.4822 15.4445 15.2943 15.0027 14.9573 14.56 23.0678 16.9349 14.1451
threshold=0.045983500000000004 0.51054450000000007 0.55126100000000011 0.81000000000000016 0.42388150000000008 0.59492350000000005 0.51705000000000012 0.49729600000000002 0.61565050000000021 0.94500000000000017 0.47450900000000001 0.85239650000000011 0.46355000000000007 0.63904900000000009 0.48995000000000005 0.35448650000000009 0.83558550000000009 0.95191550000000014 0.41875000000000007 0.48245000000000005 0.72111100000000017 0.89616550000000006 0.9058655000000001 0.74239600000000017 0.031754000000000011 0.92413450000000019 1.0000000180025095e-35 0.94500000000000017 0.43875000000000003 0.47815000000000007
decision_type=2 2 2 2 2 2 2 2 2 2 2 2 2 2 2 2 2 2 2 2 2 2 2 2 2 2 2 2 2 2
left_child=2 4 3 7 12 11 29 -1 9 -4 -5 14 -2 23 -3 18 21 -13 -14 -16 -15 -8 -9 -7 -11 -21 28 -28 -17 -6
right_child=1 5 8 10 6 13 16 22 -10 24 -12 17 15 20 19 26 -18 -19 -20 25 -22 -23 -24 -25 -26 -27 27 -29 -30 -31
leaf_value=-0.0033559836816953251 0.022671569494480331 0.014316914910587578 -0.045694930181222504 0.032573984433743104 0.024079684217437537 0.044999583676939146 0.065993662192967095 -0.028901084360400692 -0.04864241997023773 -0.029093334183498826 -4.2758697291372889e-05 0.017767914419161281 0.092052403624941867 0.099275963252255434 0.016682696986494838 0.070249252171784113 0.043901900817393029 -0.026488268241282316 0.051503535458467066 0.050517443916082538 -0.025646396945660246 0.044192925777025202 -0.042888935204586594 -0.0007413870456251131 -0.00064232002844882244 0.01379039900732186 0.013599240188145812 0.065799304096625849 0.089526207051918716 0.040130610910236057
leaf_weight=186.00427961349487 35.198534607887268 139.152184471488 927.02036979794502 123.21213795244694 248.51216007769108 19.422156408429146 591.39467680454254 1194.8772503584623 1722.1023759096861 810.80143103003502 568.64384053647518 570.08826144039631 336.56654720008373 2.7530617862939826 65.518407568335533 474.67217452824116 276.37417836487293 30.695370271801949 36.011410862207413 300.64656256139278 185.97713033854961 101.5919483602047 236.37786307930946 309.42063540220261 49.144125804305077 30.537488356232643 24.409290164709091 159.20274178683758 149.9153156876564 306.611268222332
leaf_count=1108 187 773 6287 664 1343 107 2864 7809 11849 5297 3369 3155 1538 16 352 2232 1416 181 166 1553 1165 504 1555 1838 292 165 119 755 692 1582
internal_value=-0.00017105 0.0430765 -0.0328374 -0.0178884 0.060263 0.0146044 0.0485016 -0.0280075 -0.0426745 -0.0369233 0.00576593 0.0246433 0.0750085 -0.00744193 0.0348868 0.0765687 0.0574103 0.0155068 0.0881332 0.0421022 -0.0238241 0.0627977 -0.0312112 0.00196017 -0.0274674 0.047131 0.0712375 0.0588599 0.0748762 0.0329451
internal_weight=10212.9 4394.67 5818.18 2309.12 2740.46 1654.21 1524.48 1617.26 3509.07 1786.97 691.856 1136.64 1215.98 517.573 535.855 1180.78 969.361 600.784 372.578 396.702 188.73 692.987 1431.26 328.843 859.946 331.184 808.2 183.612 624.587 555.123
internal_count=60933 22703 38230 14505 13398 9305 7709 10472 23725 11876 4033 6179 5689 3126 2843 5502 4784 3336 1704 2070 1181 3368 9364 1945 5589 1718 3798 874 2924 2925
is_linear=0
shrinkage=0.05


Tree=6
num_leaves=31
num_cat=0
split_feature=6 0 0 11 0 9 1 0 0 11 0 0 2 0 0 6 0 6 9 1 9 0 7 1 9 6 2 1 1 0
split_gain=5206 744.639 328.69 204.71 184.143 112.22 53.2537 48.02 47.5425 57.6783 43.4106 39.0563 33.4461 32.615 31.9426 30.0697 29.3185 25.7497 21.9894 21.9539 21.2565 20.827 18.5578 16.5218 16.3008 15.1005 22.1755 14.9139 14.5788 14.0946
threshold=0.045983500000000004 0.48441000000000006 0.55126100000000011 0.81000000000000016 0.59492350000000005 0.51705000000000012 0.90245000000000009 0.49729600000000002 0.61565050000000021 0.94500000000000017 0.35448650000000009 0.44365150000000003 0.70055000000000012 0.39871250000000008 0.54617100000000007 0.14459900000000003 0.63904900000000009 0.15504800000000005 0.47295000000000004 0.95191550000000014 0.44915000000000005 0.51335550000000008 0.71240600000000009 0.74837900000000002 0.54215000000000013 0.28759400000000007 0.47215000000000007 0.9058655000000001 0.93199100000000012 0.58459700000000014
decision_type=2 2 2 2 2 2 2 2 2 2 2 2 2 2 2 2 2 2 2 2 2 2 2 2 2 2 2 2 2 2
left_child=2 5 3 7 6 13 12 -1 9 -4 -7 -5 14 20 -3 24 -6 -12 -17 25 -2 -13 -18 -19 -14 26 -8 -9 -25 -11
right_child=1 4 8 11 16 10 19 27 -10 29 17 21 15 -15 -16 18 22 23 -20 -21 -22 -23 -24 28 -26 -27 -28 -29 -30 -31
leaf_value=-0.0031944888313993215 -0.010137561996557604 0.033535300596447763 -0.04474734442237889 0.05402178612792348 0.0018587662981684626 0.081735991843860073 -0.014943005112435584 -0.02797144562567494 -0.047743139284773216 -0.019414614571079181 0.047278673625939141 0.012156664961459732 0.038777886952803875 0.034755828958763717 0.0053721497415946534 -0.0014024788282391914 0.11111239480179863 0.011017662415027453 0.055800707754101099 -0.017287930467692725 0.070948511837470682 -0.0057257229514693243 -0.024834607790522444 0.066270423145492433 0.011866933389751408 0.043385662460520016 0.019173940026613878 -0.041894266062437242 -0.01878449330905687 -0.032393853751324343
leaf_weight=185.64653092622757 8.7592446804046613 300.50161765515804 900.0093782544136 39.071526288986206 329.16685298085213 353.8227399289608 53.108906045556068 1173.414629265666 1668.1883054077625 379.97911438345909 241.44322960078716 303.4567948281765 159.30727039277554 462.50323082506657 151.41013213992119 17.803353264927864 2.5451321005821219 13.88330467045307 298.14375421404839 46.912666797637939 104.59418132901192 351.33546005189419 183.47474303841591 1135.7789694517851 87.004411295056343 54.262598425149918 461.61529706418514 230.05260629951954 5.0604871511459342 465.30339676141739
leaf_count=1108 46 1560 6287 197 1945 1567 292 7809 11849 2433 1175 1707 859 2348 820 97 14 66 1483 275 488 2129 1167 5232 462 280 2501 1555 26 3156
internal_value=-0.000188156 0.0401958 -0.0318852 -0.017199 0.0189494 0.0597926 0.0271848 -0.0270925 -0.0417075 -0.0359385 0.0660928 0.00545941 0.0342275 0.0406467 0.0240994 0.0423679 -0.00710788 0.0621284 0.0525774 0.0155879 0.0646827 0.00256169 -0.0229746 0.0652334 0.0292722 0.0182985 0.0156538 -0.0302536 0.0658931 -0.0265593
internal_weight=10167.6 4471.1 5696.46 2282.98 2145.26 2325.85 1630.07 1589.11 3413.48 1745.29 1749.99 693.864 1014.17 575.857 451.912 562.259 515.187 1396.17 315.947 615.899 113.353 654.792 186.02 1154.72 246.312 568.987 514.724 1403.47 1140.84 845.283
internal_count=60933 22703 38230 14505 11755 10948 8629 10472 23725 11876 8066 4033 5281 2882 2380 2901 3126 6499 1580 3348 534 3836 1181 5324 1321 3073 2793 9364 5258 5589
is_linear=0
shrinkage=0.05


Tree=7
num_leaves=31
num_cat=0
split_feature=6 0 0 11 0 0 9 0 11 0 1 0 9 2 0 7 6 11 8 1 7 2 0 2 10 1 6 2 6 7
split_gain=4703.59 646.812 315.478 189.436 131.018 126.897 62.4859 46.9239 56.1037 45.1029 37.1653 34.6612 30.8511 28.4586 26.9509 26.3784 24.7794 24.7406 24.6872 19.6236 16.2153 16.0267 15.1957 14.823 15.5837 14.3994 14.2934 13.9975 13.8276 13.4499
threshold=0.045983500000000004 0.50164150000000018 0.55126100000000011 0.81000000000000016 0.59492350000000005 0.43071150000000008 0.48765000000000008 0.61565050000000021 0.94500000000000017 0.49729600000000002 0.92785350000000011 0.47450900000000001 0.49185000000000006 0.51945000000000008 0.63904900000000009 0.85239650000000011 0.34699000000000008 0.94500000000000017 1.0000000180025095e-35 0.89983950000000001 0.71240600000000009 0.84985000000000011 0.37607950000000007 0.36005000000000004 0.39695000000000008 0.9058655000000001 0.030776500000000002 0.31035000000000007 0.24695100000000003 0.74239600000000017
decision_type=2 2 2 2 2 2 2 2 2 2 2 2 2 2 2 2 2 2 2 2 2 2 2 2 2 2 2 2 2 2
left_child=2 5 3 9 10 12 -7 8 27 -1 13 -5 21 -3 29 17 22 -15 23 -8 -16 -2 -14 -18 -25 -11 -10 -4 -19 -6
right_child=1 4 7 11 14 6 19 -9 26 25 -12 -13 16 15 20 -17 18 28 -20 -21 -22 -23 -24 24 -26 -27 -28 -29 -30 -31
leaf_value=-0.003040487850477936 0.028761541829269755 0.011023384038127814 -0.028762547140046169 0.028819433349454904 0.041614057153347581 0.019911530026209344 0.050406399754637399 -0.046863377675379937 -0.027338745435488483 -0.027062164288611329 0.0027228689754210688 -9.7031862103008962e-05 0.070283823409304405 0.0024165094542110384 0.09968320271414817 0.02192143249259363 0.099272774535989525 0.035383737165584059 0.053584234292513147 0.031998842020153566 -0.023964030795883395 0.067069436039811123 0.054276659931012841 0.081494523827273541 0.06004345512370754 -0.040918330031923675 0.00012549324056500125 -0.046477893394764352 0.054247642217157235 -0.00079676787848495349
leaf_weight=185.3059955239296 90.468538105487823 235.95340824127197 131.20506206154823 126.71427127718925 19.895419895648956 258.99390701949596 871.05579955875874 1615.8650433123112 780.72079995274544 1152.7338713109493 193.09289459884167 568.89971381425858 218.42323717474937 41.622334390878677 2.6910137832164756 444.10179062187672 73.51584330201149 243.93854506313801 124.19203627109528 173.6496764421463 180.70488281548023 39.104277521371841 461.57289853692055 272.1601272970438 122.89962005615234 223.91975851356983 50.434390380978584 742.60980865359306 161.43545904755592 309.61734506487846
leaf_count=1108 450 1268 944 664 107 1355 4106 11849 5284 7809 1080 3369 959 219 14 2387 318 1235 556 850 1167 189 2090 1184 541 1555 305 5343 790 1838
internal_value=-0.00020204 0.0375916 -0.0309543 -0.0165331 0.014659 0.0531261 0.0418964 -0.0407582 -0.0349721 -0.0261987 0.0229912 0.00517044 0.0635658 0.0264636 -0.00678665 0.0305521 0.0659321 0.0391268 0.0734044 0.0473467 -0.0221497 0.0403226 0.0594184 0.0786575 0.0748213 -0.0293159 -0.0256722 -0.0438179 0.0428961 0.00176393
internal_weight=10117.5 4539.09 5578.41 2257.57 1833.05 2706.04 1303.7 3320.84 1704.97 1561.96 1320.14 695.614 1402.34 1127.05 512.909 891.098 1272.76 446.996 592.768 1044.71 183.396 129.573 679.996 468.576 395.06 1376.65 831.155 873.815 405.374 329.513
internal_count=60933 22703 38230 14505 10105 12598 6311 23725 11876 10472 6979 4033 6287 5899 3126 4631 5648 2244 2599 4956 1181 639 3049 2043 1725 9364 5589 6287 2025 1945
is_linear=0
shrinkage=0.05


Tree=8
num_leaves=31
num_cat=0
split_feature=6 0 0 11 0 0 9 0 11 0 1 0 2 9 1 0 6 8 10 6 0 6 11 8 11 7 0 6 1 2
split_gain=4255.58 566.537 302.654 175.233 137.545 92.9212 55.9441 46.3097 54.5578 42.3316 35.1081 32.0108 27.5391 27.0278 25.9107 24.761 21.5989 21.3421 20.2874 19.7938 17.7436 16.9098 15.2833 15.3738 14.7094 14.2793 14.0195 16.0071 13.8982 13.7173
threshold=0.045983500000000004 0.51607300000000011 0.55126100000000011 0.81000000000000016 0.43071150000000008 0.59492350000000005 0.47885000000000005 0.61565050000000021 0.94500000000000017 0.49729600000000002 0.95191550000000014 0.44365150000000003 0.69745000000000013 0.49185000000000006 0.89373550000000013 0.63904900000000009 0.34699000000000008 1.0000000180025095e-35 0.37895000000000006 0.26201400000000002 0.51335550000000008 0.17445650000000004 0.94500000000000017 1.0000000180025095e-35 0.94500000000000017 0.71240600000000009 0.54925550000000012 0.26393200000000006 0.9058655000000001 0.31035000000000007
decision_type=2 2 2 2 2 2 2 2 2 2 2 2 2 2 2 2 2 2 2 2 2 2 2 2 2 2 2 2 2 2
left_child=2 4 3 9 13 10 -6 8 29 -1 12 -5 26 24 -14 -7 -15 -18 -8 -20 -13 -16 23 -21 -2 -17 27 -3 -11 -4
right_child=1 5 7 11 6 15 18 -9 -10 28 -12 20 14 16 21 25 17 -19 19 22 -22 -23 -24 -25 -26 -27 -28 -29 -30 -31
leaf_value=-0.0028936587941469985 0.011833824732486975 0.013211064144277277 -0.027870367920659757 0.048033693732524946 0.016971646404108105 0.0016730047123744277 0.0507416016707391 -0.046000660733816347 -0.024805597817612178 -0.026172825550556646 -0.026898738779287102 0.011018473999443565 0.03961390798802239 0.055391935567031092 0.012484321948028411 0.090331418508260805 0.073151263753399087 0.050041628528979781 0.0319195689446157 0.037847863150515491 -0.0054535595698566239 0.035091933451826589 0.053148740989133358 -0.024345127627804816 0.048462264131934524 -0.023115621006456193 0.0013430559318206368 0.050135923127320826 -0.039959342364284195 -0.045593398780151735
leaf_weight=184.98186582326889 38.885785266757011 150.74720343947411 128.69962461292744 40.510658919811249 267.32269717752934 329.78856322169304 445.28436076641083 1565.1555901914835 817.55830560624599 1132.8231654912233 39.443248122930527 306.68422372639179 261.26353561878204 692.60912236571312 274.50891976058483 2.8176117539405814 478.37991185486317 126.27836248278618 553.01352097094059 50.160592958331108 350.14487147331238 118.3818434625864 251.20536741614342 12.391313821077345 92.870618909597397 178.03952100872993 199.19958329200745 36.446615636348724 217.9812098890543 719.74915862083435
leaf_count=1108 195 790 944 197 1398 1945 2079 11849 5589 7809 236 1707 1322 3049 1481 14 2043 556 2672 235 2129 601 1160 58 444 1167 1075 183 1555 5343
internal_value=-0.000212917 0.0352286 -0.0300424 -0.0158877 0.0479891 0.0110944 0.0378195 -0.039825 -0.0340231 -0.0253257 0.0194042 0.00489795 0.0211594 0.0592286 0.0274109 -0.0064805 0.0614201 0.068325 0.0420672 0.0376109 0.0022375 0.0192962 0.0476421 0.0255276 0.037652 -0.0213482 0.0105756 0.0204003 -0.0283976 -0.042905
internal_weight=10063.3 4599.04 5464.29 2233.13 3008.4 1590.64 1579.38 3231.16 1666.01 1535.79 1079.99 697.34 1040.55 1429.02 654.154 510.646 1297.27 604.658 1312.06 866.771 656.829 392.891 313.757 62.5519 131.756 180.857 386.393 187.194 1350.8 848.449
internal_count=60933 22703 38230 14505 13889 8814 7602 23725 11876 10472 5688 4033 5452 6287 3404 3126 5648 2599 6204 4125 3836 2082 1453 293 639 1181 2048 973 9364 6287
is_linear=0
shrinkage=0.05


Tree=9
num_leaves=31
num_cat=0
split_feature=6 0 0 11 0 0 9 0 11 0 9 0 0 7 9 7 8 9 2 1 1 7 2 10 2 9 1 7 9 2
split_gain=3859.35 519.523 277.694 143.994 115.767 100.534 52.2077 42.8034 44.3433 39.6997 31.2716 31.1808 27.7049 24.9257 23.8681 23.5086 19.1387 15.3388 13.4108 13.4082 13.0665 13.025 12.7921 15.8576 12.6505 20.1537 16.9524 13.6969 12.6345 12.5847
threshold=0.039231000000000009 0.51054450000000007 0.55126100000000011 0.81000000000000016 0.41635200000000006 0.59492350000000005 0.51705000000000012 0.6082915000000001 0.94500000000000017 0.49729600000000002 0.48135000000000006 0.47450900000000001 0.63904900000000009 0.85239650000000011 0.45710000000000006 0.83558550000000009 1.0000000180025095e-35 0.57625000000000015 0.48245000000000005 0.9058655000000001 0.95191550000000014 0.71240600000000009 0.51945000000000008 0.36555000000000004 0.54215000000000013 0.54305000000000014 0.91897950000000017 0.83558550000000009 0.67295000000000016 0.11205000000000002
decision_type=2 2 2 2 2 2 2 2 2 2 2 2 2 2 2 2 2 2 2 2 2 2 2 2 2 2 2 2 2 2
left_child=2 4 3 9 14 10 29 8 -4 -1 20 -5 24 18 -2 28 17 -16 -12 -11 -3 -14 23 -18 -7 -26 27 -27 -8 -6
right_child=1 5 7 11 6 12 15 -9 -10 19 13 -13 21 -15 16 -17 22 -19 -20 -21 -22 -23 -24 -25 25 26 -28 -29 -30 -31
leaf_value=-0.0027536891801872103 0.008037213160695526 0.0094216194900309247 -0.041284258728865326 0.026766430595501663 0.11679236254186065 -0.015652467649744178 0.048980065358338952 -0.044646477010795493 -0.023533680050754017 -0.025303093031681802 0.0123608277932676 -0.0015647421003794947 0.082512366562750281 0.015313619439983609 0.055194898435618589 0.03208448934440556 0.06393879814707569 0.068281476510988912 0.036019235125764576 -0.03901575814639599 -0.023306509179067472 -0.023761433799512892 0.050168938548418224 -0.01790872085385339 5.3014394267483012e-05 0.076907791302014625 -0.047000405209955964 0.021299872093997474 0.0095769900373437501 0.025181264619453171
leaf_weight=184.67338234186172 24.03953555226326 314.18463091552258 739.99159346520901 118.25775723159313 3.7710955291986457 82.078859776258469 812.23559972643852 1686.933998465538 670.75742425024509 1113.668908432126 71.301593586802483 543.27406141161919 2.9273557066917411 425.03076966106892 438.58924335241318 321.96590973436832 9.4670969843864459 457.45995305478573 374.58055956661701 212.23766808211803 33.77550633251667 190.84646753966808 242.61051933467388 15.785306528210638 211.53945869207382 19.493497118353844 5.5883865356445304 25.63719417154789 20.866741344332695 632.66851508617401
leaf_count=1108 121 1705 5643 606 19 488 3633 13127 4645 7809 372 3224 14 2258 1888 1532 41 1922 1823 1555 205 1277 1053 69 1271 104 32 148 95 3146
internal_value=-0.000221543 0.0325323 -0.0296604 -0.0159537 0.0452486 0.0109682 0.0372229 -0.0392716 -0.0328445 -0.024473 0.0189151 0.00349984 -0.00703228 0.0239774 0.0573519 0.0435587 0.0583704 0.061876 0.032236 -0.0274981 0.00624479 -0.0221559 0.0466438 0.0127758 0.00147847 0.00683993 0.0351468 0.0453188 0.0479931 0.0257241
internal_weight=10006.2 4736.44 5269.79 2172.11 2979.46 1756.98 1791.51 3097.68 1410.75 1510.58 1218.87 661.532 538.111 870.913 1187.95 1155.07 1163.91 896.049 445.882 1325.91 347.96 193.774 267.863 25.2524 344.337 262.259 50.7191 45.1307 833.102 636.44
internal_count=60933 23216 37717 14302 13519 9697 8425 23415 10288 10472 6363 3830 3334 4453 5094 5260 4973 3810 2195 9364 1910 1291 1163 110 2043 1555 284 252 3728 3165
is_linear=0
shrinkage=0.05


Tree=10
num_leaves=31
num_cat=0
split_feature=6 0 0 11 0 9 0 0 11 0 1 0 0 6 11 6 0 2 2 9 1 2 6 10 4 6 9 1 1 7
split_gain=3500.75 461.685 266.342 133.217 123.99 69.3616 43.9237 42.2007 43.0444 37.2014 36.9158 28.4173 26.0126 24.5765 29.0741 18.4844 17.7258 17.2808 17.0021 24.3882 15.654 14.6267 14.2502 13.254 13.6007 15.3725 13.1263 13.1231 12.781 11.4789
threshold=0.039231000000000009 0.48441000000000006 0.55126100000000011 0.81000000000000016 0.59492350000000005 0.48765000000000008 0.40517750000000002 0.6082915000000001 0.94500000000000017 0.49729600000000002 0.92785350000000011 0.51335550000000008 0.66272550000000019 0.25290700000000005 0.94500000000000017 0.16869950000000003 0.43534200000000006 0.49285000000000007 0.53725000000000012 0.56855000000000011 0.89040800000000009 0.33465000000000006 0.17902900000000002 0.40805000000000008 0.65833333333333355 0.54006450000000006 0.53455000000000008 0.81381700000000012 0.96164150000000015 0.88516450000000013
decision_type=2 2 2 2 2 2 2 2 2 2 2 2 2 2 2 2 2 2 2 2 2 2 2 2 2 2 2 2 2 2
left_child=2 5 3 9 10 -2 15 8 -4 -1 13 16 18 17 -15 -7 -5 -3 -6 28 27 -22 -21 24 25 -17 -11 -8 -20 -19
right_child=1 4 7 11 12 6 20 -9 -10 26 -12 -13 -14 14 -16 23 -18 29 19 22 21 -23 -24 -25 -26 -27 -28 -29 -30 -31
leaf_value=-0.0026202815245226566 0.023396653891281326 0.0078484376157029571 -0.040391522067017641 0.05287458209025464 -0.01924987453181164 0.033249733545949199 0.027011206445305937 -0.043801312894633508 -0.02271192955200509 -0.029145086285437233 0.001737307773858824 -0.0069127888671508863 -0.030815072800107181 0.0028950250861610109 0.043688145639779435 0.058577670231543214 0.01033404564413376 0.027682275934256723 0.0028560338632841868 0.014105382572139589 -0.016758613547369829 0.034502783661209534 0.082917532584917811 0.043137919449330764 0.0033747167181174945 0.077397962032680567 -0.016646663976370012 0.047190022524922395 -0.032075476656568382 0.016803511090928414
leaf_weight=184.37981861829758 312.62440098822117 223.42276296019554 719.06551247835159 26.658938303589821 105.03887791931629 77.794413223862648 88.775880545377731 1634.8406229913235 660.53993101418018 1038.6061558127403 222.12373407185078 335.25014062225819 92.638839423656464 53.142934232950211 245.27025236189365 618.77812494337559 300.60113640129566 591.87824663519859 278.75314931571484 15.896261826157572 14.714378938078879 256.39204120635986 14.28446704149246 118.68893165886402 10.067790508270262 131.57139346003532 263.33821777999401 871.91274052858353 28.900974407792091 410.76597760617733
leaf_count=1108 1542 1171 5643 124 647 335 396 13127 4645 7483 1222 2052 630 266 1144 2586 1654 2904 1699 92 67 1174 75 499 43 540 1881 3841 191 2152
internal_value=-0.000228049 0.0305899 -0.0287788 -0.0153286 0.0143273 0.0454272 0.048574 -0.0383667 -0.0319267 -0.0236403 0.0207806 0.00331843 -0.00672045 0.0235553 0.0364235 0.0566104 0.0137994 0.0204233 -0.00168042 0.00378224 0.042331 0.0317206 0.046674 0.0586777 0.0611032 0.0618777 -0.0266171 0.0453253 -0.000425426 0.0232254
internal_weight=9946.72 4783.44 5163.28 2148.83 2282.12 2501.32 2188.7 3014.45 1379.61 1486.32 1746.6 662.51 535.513 1524.48 298.413 956.901 327.26 1226.07 442.874 337.835 1231.8 271.106 30.1807 879.106 760.417 750.35 1301.94 960.689 307.654 1002.64
internal_count=60933 23216 37717 14302 12193 11023 9481 23415 10288 10472 8859 3830 3334 7637 1410 4003 1778 6227 2704 2057 5478 1241 167 3668 3169 3126 9364 4237 1890 5056
is_linear=0
shrinkage=0.05


Tree=11
num_leaves=31
num_cat=0
split_feature=6 0 0 11 0 9 0 11 0 0 0 1 0 2 1 0 6 6 11 9 1 1 2 7 10 1 0 0 2 7
split_gain=3177.94 408.263 255.22 123.152 111.494 62.6208 41.5846 41.7511 41.1372 34.829 28.6317 27.7058 25.5397 21.9351 23.1432 20.0079 19.3772 18.4885 24.9391 14.9215 13.7657 13.064 11.7715 11.5903 11.5342 11.4033 11.3233 11.1104 10.6246 10.3016
threshold=0.039231000000000009 0.48441000000000006 0.55126100000000011 0.81000000000000016 0.56319350000000012 0.51705000000000012 0.6082915000000001 0.94500000000000017 0.63904900000000009 0.49729600000000002 0.3474810000000001 0.92785350000000011 0.47607150000000004 0.53275000000000017 0.9597905000000001 0.39871250000000008 0.15504800000000005 0.25290700000000005 0.94500000000000017 0.44915000000000005 0.74837900000000002 0.9058655000000001 0.36535000000000006 0.71240600000000009 0.38185000000000008 0.93338050000000006 0.52759550000000011 0.58459700000000014 0.27025000000000005 0.63762650000000021
decision_type=2 2 2 2 2 2 2 2 2 2 2 2 2 2 2 2 2 2 2 2 2 2 2 2 2 2 2 2 2 2
left_child=2 5 3 9 11 15 7 22 13 -1 -7 17 -5 -6 -15 19 -12 -3 -19 -2 -18 -11 -4 -10 -17 29 -14 28 -9 -22
right_child=1 4 6 12 8 10 -8 27 23 21 16 -13 26 14 -16 24 20 18 -20 -21 25 -23 -24 -25 -26 -27 -28 -29 -30 -31
leaf_value=-0.0024931401636103323 -0.014401395587078362 0.021756070211757777 -0.025508635573923438 0.023295613746350238 -0.010901187190260798 0.060428564035963667 -0.042967260097368523 -0.039173602766765361 0.076566564145523139 -0.023560635774174138 0.032195040628068348 0.0018767207532908174 0.0044344215835385292 0.012368631458637733 -0.033048656210770404 0.047105314977961006 0.00064818050049843701 0.0048616839860729164 0.043950505027418242 0.051933746752809089 0.05393186192744126 -0.037399018833161636 -0.042517491582411235 -0.022311063846767051 0.02195371113237617 -0.029553999402042078 -0.010336073245285973 -0.028747927150357979 -0.012345898485975056 0.044479760605192542
leaf_weight=184.1004826426506 9.1595198065042478 961.08193951845169 123.57393631339073 127.13008119165897 160.43303892016411 334.98767551779747 1584.5320187136531 42.12028706073761 3.011749029159545 1076.2779532521963 272.10114577412605 144.91042505204678 315.98840360343456 542.37019726634026 29.578888460993767 50.701613619923592 15.910518780350683 50.232346266508102 217.42934869229794 113.84112076461315 439.52100014686584 202.66175469756126 575.29686047881842 185.85927356779575 451.42942847311497 4.7905869334936133 220.15801380574703 310.55754899978638 298.05169820785522 837.62719292938709
leaf_count=1108 46 4773 980 641 929 1373 13127 293 14 7809 1222 776 1816 2994 192 233 70 250 988 489 1846 1555 4663 1277 2153 23 1373 2291 2061 3568
internal_value=-0.000232844 0.0288002 -0.0279149 -0.0147245 0.0135289 0.042652 -0.0374738 -0.031024 7.143e-05 -0.0228265 0.0471582 0.0225542 0.00314685 0.00543695 0.0100198 0.0289206 0.0443267 0.0249928 0.0366147 0.046994 0.0468701 -0.0257535 -0.03951 -0.0207344 0.0244933 0.0474438 -0.00163079 -0.0219102 -0.0156677 0.0477326
internal_weight=9885.43 4824.98 5060.45 2126.32 2294.91 2530.07 2934.13 1349.6 921.253 1463.04 1904.94 1373.65 663.276 732.382 571.949 625.132 1569.95 1228.74 267.662 123.001 1297.85 1278.94 698.871 188.871 502.131 1281.94 536.146 650.73 340.172 1277.15
internal_count=60933 23216 37717 14302 12193 11023 23415 10288 5406 10472 8102 6787 3830 4115 3186 2921 6729 6011 1238 535 5507 9364 5643 1291 2386 5437 3189 4645 2354 5414
is_linear=0
shrinkage=0.05


Tree=12
num_leaves=31
num_cat=0
split_feature=6 0 0 11 0 0 0 11 9 0 1 2 0 0 0 7 11 10 8 2 9 10 2 1 6 9 0 0 1 2
split_gain=2887.91 375.967 243.499 112.275 85.8325 76.0053 39.8017 40.6508 37.9671 32.7842 25.7566 22.8965 21.2281 20.8076 20.5103 15.1093 14.763 17.7843 16.4108 14.4143 14.0518 13.8854 13.8694 13.8349 13.7962 13.6253 12.9976 12.666 12.2241 12.7712
threshold=0.035098500000000012 0.50164150000000018 0.5500655000000001 0.81000000000000016 0.59492350000000005 0.43071150000000008 0.61565050000000021 0.94500000000000017 0.48765000000000008 0.49959750000000008 0.90245000000000009 0.72045000000000015 0.63904900000000009 0.44365150000000003 0.3474810000000001 0.83558550000000009 0.94500000000000017 0.37855000000000005 1.0000000180025095e-35 0.31035000000000007 0.57225000000000015 0.41515000000000007 0.77355000000000007 0.95191550000000014 0.34549100000000005 0.46355000000000007 0.52759550000000011 0.54617100000000007 0.90463900000000008 0.96875000000000011
decision_type=2 2 2 2 2 2 2 2 2 2 2 2 2 2 2 2 2 2 2 2 2 2 2 2 2 2 2 2 2 2
left_child=2 5 3 9 10 14 7 19 -7 -1 11 27 -6 -5 21 16 18 20 -10 -4 -18 -2 24 -12 -19 -16 -15 -3 29 -11
right_child=1 4 6 13 12 8 -8 -9 15 28 23 -13 -14 26 25 -17 17 22 -20 -21 -22 -23 -24 -25 -26 -27 -28 -29 -30 -31
leaf_value=-0.0052118417866490376 0.059972847606606983 0.020991403018497369 -0.023203712767419008 0.040353485882862389 0.00057666430205687317 0.013559260221619119 -0.043048814981652223 -0.022825092316234242 0.031605463035849941 -0.019950378352206113 0.010671652869354571 0.029762904290902028 -0.01999493814046438 0.0062184047023786217 0.017214621311542975 0.025802959601296967 0.073459590380726567 0.017557741670317747 -0.014571428240357277 -0.042239404369488545 0.044856621178928663 0.029824562291734736 0.043396955585716587 -0.017872740164533326 0.046992083607185653 0.04399954666793536 -0.0093521463157854572 0.0030963622434863744 -0.036844470671129663 -0.033066692903941285
leaf_weight=241.17887203395367 324.04732100665569 233.17762465775013 117.60433535277843 35.569138273596764 354.41569185256958 281.19241032004356 1346.5242590978742 736.25788275897503 84.996049731969833 753.09962990880013 532.8704628944397 453.33273150026798 194.0764072984457 399.62465359270573 49.646175444126129 370.6085157841444 59.247775346040726 146.83643032610416 24.870642781257629 644.15922261029482 155.99015074968338 43.29467311501503 236.14793875813484 46.12391309440136 54.617857486009598 1087.9078099280596 201.66245394945145 171.68644298613071 195.81609393656254 246.27847424149513
leaf_count=1531 1319 1150 948 164 2113 1401 11586 5408 372 5554 2771 2197 1352 2240 242 1711 253 645 110 5383 666 179 1034 280 235 4570 1267 898 1539 1815
internal_value=-0.00023625 0.0269096 -0.0273121 -0.0142799 0.0101249 0.038326 -0.0368105 -0.0312031 0.0300047 -0.0220277 0.0165469 0.0220449 -0.00670232 0.00319443 0.0461476 0.034085 0.0381094 0.0409631 0.0211523 -0.0393006 0.0527301 0.0564196 0.0351754 0.00839775 0.0255379 0.0428306 0.000996281 0.0134028 -0.025421 -0.0231827
internal_weight=9822.86 4905.09 4917.78 2073.23 1985.68 2919.4 2844.55 1498.02 1414.51 1436.37 1437.19 858.197 548.492 636.856 1504.9 1133.32 762.707 652.84 109.867 761.764 215.238 367.342 437.602 578.994 201.454 1137.55 601.287 404.864 1195.19 999.378
internal_count=60933 23498 37435 14110 10761 12737 23325 11739 6427 10439 7296 4245 3465 3671 6310 5026 3315 2833 482 6331 919 1498 1914 3051 880 4812 3507 2048 8908 7369
is_linear=0
shrinkage=0.05


Tree=13
num_leaves=31
num_cat=0
split_feature=6 0 0 11 0 0 0 11 9 0 1 7 10 2 0 9 0 7 1 9 1 11 8 10 2 9 2 6 0 0
split_gain=2625.34 334.309 233.026 103.664 76.7875 68.6315 39.3216 35.8013 32.7957 30.836 22.8003 20.787 20.4132 20.1275 19.0495 18.8732 18.0662 17.546 13.1271 13.035 12.4907 12.3162 17.8016 13.1459 13.8817 12.5776 11.4674 11.3 11.2464 11.2112
threshold=0.035098500000000012 0.50164150000000018 0.5500655000000001 0.81000000000000016 0.59492350000000005 0.42624350000000005 0.6082915000000001 0.94500000000000017 0.48765000000000008 0.49729600000000002 0.90245000000000009 0.88047600000000015 0.40695000000000003 0.72045000000000015 0.51335550000000008 0.57115000000000016 0.3474810000000001 0.83558550000000009 0.92413450000000019 0.53455000000000008 0.95191550000000014 0.94500000000000017 1.0000000180025095e-35 0.37855000000000005 0.77355000000000007 0.57225000000000015 0.36535000000000006 0.34549100000000005 0.54617100000000007 0.44365150000000003
decision_type=2 2 2 2 2 2 2 2 2 2 2 2 2 2 2 2 2 2 2 2 2 2 2 2 2 2 2 2 2 2
left_child=2 5 3 9 10 12 7 26 -7 -1 13 15 16 28 29 -6 -2 18 21 -11 -12 22 -10 25 27 -23 -4 -25 -3 -5
right_child=1 4 6 14 11 8 -8 -9 17 19 20 -13 -14 -15 -16 -17 -18 -19 -20 -21 -22 23 -24 24 -26 -27 -28 -29 -30 -31
leaf_value=-0.0021182033549371772 0.057024369443793715 0.019760573929914507 -0.023646491782900902 0.037780112420887919 -5.0935576785871776e-05 0.013784891978568798 -0.041517318312693632 -0.021008942923721366 0.033011486006943334 -0.026703891802124187 0.010085826975756504 -0.013877170307361459 0.030296097731072426 0.027929297413854755 -0.0057898984750978403 0.042924913182126018 0.042974283970764096 0.023522765409395584 -0.0030503349961802885 -0.013938997934542827 -0.017161180177886478 0.06822849801332502 -0.012802120713147859 0.018216835610798062 0.043001267371242859 0.042450291614849645 -0.040724365853343415 0.04429146412874304 0.0029370697189053975 0.0082201353612283371
leaf_weight=183.27911233901978 308.1799832880497 235.2610686570406 119.86854413896799 36.078633978962898 172.18900561332703 296.57663384079933 1476.0355228483677 627.72683684527874 94.588222503662109 980.45608992874622 535.55947883427143 343.90904025733471 228.90053126215935 458.7941267490387 312.31518782675266 29.997452571988106 888.21606273949146 387.25095631182194 20.567884743213654 251.24333946406841 45.646964967250824 65.040284708142281 27.330163642764091 149.87200662493706 246.42653141915798 173.66439686715603 546.20596194267273 57.489868000149727 171.94123759865761 289.1560140401125
leaf_count=1108 1246 1150 985 164 1030 1466 13017 4621 409 7459 2771 2273 974 2197 1931 162 3693 1769 95 1872 280 273 121 653 1061 733 4702 244 898 1576
internal_value=-0.000238363 0.0253902 -0.0264783 -0.0137102 0.00957824 0.0360956 -0.0359398 -0.0295766 0.0287003 -0.0212528 0.0156066 -0.00639745 0.0439761 0.020748 0.00302985 0.00632519 0.0465934 0.0323196 0.0363994 -0.0241001 0.00794589 0.0373957 0.0227416 0.0399757 0.0349792 0.0494741 -0.037651 0.0254459 0.0126568 0.0114993
internal_weight=9759.77 4937.4 4822.37 2052.53 1993.3 2944.1 2769.84 1293.8 1518.81 1414.98 1447.2 546.095 1425.3 865.996 637.55 202.186 1196.4 1222.23 834.979 1231.7 581.206 814.411 121.918 692.493 453.788 238.705 666.075 207.362 407.202 325.235
internal_count=60933 23498 37435 14110 10761 12737 23325 10308 6824 10439 7296 3465 5913 4245 3671 1192 4939 5358 3589 9331 3051 3494 530 2964 1958 1006 5687 897 2048 1740
is_linear=0
shrinkage=0.05


Tree=14
num_leaves=31
num_cat=0
split_feature=6 0 0 11 0 0 0 11 9 1 6 0 0 6 11 0 10 2 8 2 10 1 2 5 2 9 10 2 9 2
split_gain=2387.67 298.444 222.78 96.9362 91.3479 50.7019 38.8932 38.5957 36.2961 29.4786 25.3348 23.1429 20.6617 17.253 18.7319 17.2176 14.7089 15.9628 14.5911 13.8986 13.5114 12.5969 12.883 15.4147 14.5872 19.9866 21.9465 12.5094 16.1868 12.1816
threshold=0.035098500000000012 0.53183350000000018 0.5500655000000001 0.49000000000000005 0.43071150000000008 0.63377200000000011 0.61565050000000021 0.94500000000000017 0.47975000000000007 0.9597905000000001 0.13423400000000005 0.52128300000000005 0.49959750000000008 0.18634250000000002 0.94500000000000017 0.35448650000000009 0.37855000000000005 0.47215000000000007 1.0000000180025095e-35 0.31035000000000007 0.42495000000000005 0.90804950000000006 0.96035000000000015 0.41666650000000005 0.70635000000000014 0.36345000000000005 0.34325000000000006 0.62045000000000006 0.46095000000000003 0.53275000000000017
decision_type=2 2 2 2 2 2 2 2 2 2 2 2 2 2 2 2 2 2 2 2 2 2 2 2 2 2 2 2 2 2
left_child=2 4 3 12 15 9 7 19 -6 10 29 -5 -1 -10 18 20 -16 -18 -15 -4 -2 22 23 24 -14 -26 -27 -7 -29 -3
right_child=1 5 6 11 8 27 -8 -9 13 -11 -12 -13 21 14 16 -17 17 -19 -20 -21 -22 -23 -24 -25 25 26 -28 28 -30 -31
leaf_value=-0.005538360152634203 0.051885732110787688 -0.010133653240435081 -0.021554607551727945 0.0060410159408698615 0.010390770853532467 -0.036104239495921661 -0.041469019977557808 -0.021195341908897873 0.022317621850623054 -0.033769056950560469 0.018164364168717841 -0.010477283252800557 -0.017456017528826012 0.024626677260513208 0.046667891937515922 0.037754124276376588 0.0096843412401477549 0.034762789586396906 -0.01384371168588845 -0.04061249215320345 0.014604084866668858 -0.039248987736107223 -0.033291131860367119 -0.0263807538465511 0.094460955841853433 0.10177208387613888 -0.0074749194663716115 -0.025691766671797518 0.0065549046328951185 0.0069813201204724992
leaf_weight=152.28723293542862 398.08649767935276 130.23779763281345 113.58786737173796 522.88799394667149 358.84414444863796 62.985673747956753 1264.7215808406472 713.25562246888876 740.72543682157993 39.321407094597816 545.55009442567825 356.69137594848871 208.96104474365711 108.3433917760849 219.52426971495152 1102.8525241315365 73.692109525203705 456.64655970036983 31.906152188777924 606.36932406574488 25.88245315849781 139.44295759499073 226.3731524348259 352.10043949633837 6.1811622232198706 4.9608377069234839 62.702296920120716 78.451948784291744 77.222536854445934 515.38851135969162
leaf_count=991 1606 744 948 3006 1804 441 11586 5408 3429 257 2740 2410 1577 478 927 4598 328 1985 145 5383 106 1147 1734 2687 47 37 474 564 522 2824
internal_value=-0.000239307 0.0239778 -0.0256602 -0.0131592 0.0318468 0.00488325 -0.0350783 -0.0294389 0.0247874 0.00882572 0.0102318 -0.000657566 -0.0226962 0.0279552 0.0326466 0.0410462 0.0357835 0.0312781 0.0158748 -0.0376057 0.0496098 -0.0253072 -0.02305 -0.0193985 -0.0107055 0.00839684 0.00053471 -0.0173028 -0.00969576 0.00352883
internal_weight=9696.18 4965.66 4730.52 2032.59 3516.5 1449.16 2697.93 1433.21 1989.68 1230.5 1191.18 879.579 1153.01 1630.84 890.112 1526.82 749.863 530.339 140.25 719.957 423.969 1000.72 861.279 634.906 282.805 73.8443 67.6631 218.66 155.674 645.626
internal_count=60933 23498 37435 14110 15406 8092 23325 11739 9096 6565 6308 5416 8694 7292 3863 6310 3240 2313 623 6331 1712 7703 6556 4822 2135 558 511 1527 1086 3568
is_linear=0
shrinkage=0.05


Tree=15
num_leaves=31
num_cat=0
split_feature=6 0 0 11 0 0 0 11 9 0 6 1 0 11 6 1 6 6 9 2 0 9 9 0 2 1 2 5 2 9
split_gain=2173.02 275.382 209.876 86.7429 67.1419 56.8697 37.2322 32.1714 28.026 21.0056 20.067 19.6449 19.3985 19.0992 23.0709 15.7065 14.5564 13.8514 12.9343 12.8304 12.6872 13.6509 12.5846 12.4477 14.6013 12.1509 12.2702 14.471 13.3238 16.7652
threshold=0.030776500000000002 0.50164150000000018 0.5500655000000001 0.49000000000000005 0.59492350000000005 0.41635200000000006 0.6082915000000001 0.94500000000000017 0.48765000000000008 0.53070750000000011 0.092329500000000023 0.89419100000000007 0.49959750000000008 0.65000000000000002 0.67333350000000014 0.97045100000000006 0.23431350000000004 0.12660250000000003 0.44165000000000004 0.75245000000000006 0.67289250000000012 0.39185000000000009 0.57115000000000016 0.44564100000000001 0.20645000000000002 0.90804950000000006 0.96035000000000015 0.41666650000000005 0.70635000000000014 0.36345000000000005
decision_type=2 2 2 2 2 2 2 2 2 2 2 2 2 2 2 2 2 2 2 2 2 2 2 2 2 2 2 2 2 2
left_child=2 5 3 12 11 13 7 -4 -7 23 20 19 -1 -2 18 22 -10 -13 -15 -3 21 -6 -12 24 -5 26 27 28 -14 -30
right_child=1 4 6 9 10 8 -8 -9 16 -11 15 17 25 14 -16 -17 -18 -19 -20 -21 -22 -23 -24 -25 -26 -27 -28 -29 29 -31
leaf_value=-0.0052798619199648043 0.011102110876146615 0.013577777485691334 -0.035934994782853585 0.10956899748585194 0.055947882791424854 0.013185435792904075 -0.039994701247711477 -0.019773238743723335 0.024711174030133062 -0.013224982877757538 0.0011351183083325126 0.0013941804460719752 -0.016788796805411801 -0.028202210222026278 0.070082683063877882 -0.049346013635861302 0.034899953582256692 0.015009024038738598 0.040336505917871024 0.026871480793718462 -0.040061386574011315 -0.013628647737243338 0.032737510629193368 0.0019308296095793696 0.019015625506016876 -0.03838559374219145 -0.03238684777773139 -0.025536365510240272 0.084044503732099998 0.00049384070621674725
leaf_weight=151.76958307623863 53.602474167943001 394.09842555224895 630.08013147115707 4.9421822577714911 7.2874818295240393 329.22059258818626 1379.8683595731854 602.21427789330482 764.06645940244198 246.77132501453161 233.15381920337677 375.36667524278164 206.46719593554735 6.9259990602731696 67.148970991373062 13.767846971750258 647.71864551305771 371.90124274790287 1122.2730233222246 336.46938803792 46.517428711056709 216.13518352806568 36.423469290137291 567.7349493727088 44.851073205471039 135.55019131302834 221.19247380644083 345.72087952494621 6.5884944647550574 67.690328888595104
leaf_count=991 227 1950 5687 24 51 1601 12940 4569 3347 1694 1401 2007 1577 33 270 98 2726 1837 4570 1580 350 1463 195 3402 217 1147 1734 2687 47 511
internal_value=-0.000239839 0.0225157 -0.0250217 -0.012829 0.00830765 0.0321642 -0.0343536 -0.0280368 0.0263223 -0.000894326 -0.00654957 0.01387 -0.0219175 0.0403011 0.0416093 0.00274465 0.0293857 0.00817003 0.0399161 0.0197003 -0.0163053 -0.0113592 0.00540502 0.00403314 0.0280034 -0.0244857 -0.0222629 -0.0186884 -0.0102555 0.00790474
internal_weight=9633.52 5022.08 4611.44 1999.28 2031.12 2990.96 2612.16 1232.29 1741.01 864.3 553.285 1477.84 1134.98 1249.95 1196.35 283.345 1411.79 747.268 1129.2 730.568 269.94 223.423 269.577 617.528 49.7933 983.21 847.659 626.467 280.746 74.2788
internal_count=60933 23706 37227 14031 10932 12774 23196 10256 7674 5337 3558 7374 8694 5100 4873 1694 6073 3844 4603 3530 1864 1514 1596 3643 241 7703 6556 4822 2135 558
is_linear=0
shrinkage=0.05


Tree=16
num_leaves=31
num_cat=0
split_feature=6 0 0 11 0 9 0 11 0 1 6 0 8 2 0 7 2 11 6 10 9 0 2 9 2 2 1 9 6 1
split_gain=1977.73 247.29 200.322 81.1596 72.9203 40.3515 36.7726 35.0103 24.9988 23.8918 22.029 18.4723 17.112 15.0006 14.51 14.2043 13.9673 13.837 13.1284 12.3103 12.1016 11.7707 11.4776 11.4746 11.4183 11.3758 11.294 10.8948 10.6399 10.5231
threshold=0.030776500000000002 0.48441000000000006 0.5500655000000001 0.81000000000000016 0.59492350000000005 0.51705000000000012 0.61565050000000021 0.94500000000000017 0.49729600000000002 0.89373550000000013 0.34549100000000005 0.66272550000000019 1.0000000180025095e-35 0.35325000000000006 0.47450900000000001 0.74239600000000017 0.31035000000000007 0.65000000000000002 0.12660250000000003 0.43105000000000004 0.53455000000000008 0.39871250000000008 0.74765000000000015 0.44915000000000005 0.76885000000000014 0.68825000000000014 0.88323450000000003 0.54495000000000016 0.16064500000000001 0.92986250000000015
decision_type=2 2 2 2 2 2 2 2 2 2 2 2 2 2 2 2 2 2 2 2 2 2 2 2 2 2 2 2 2 2
left_child=2 5 3 8 9 21 7 16 -1 22 -7 15 13 -12 -5 25 -4 -14 19 -11 -10 23 -3 -2 -17 -6 -22 -26 -29 -16
right_child=1 4 6 14 11 10 -8 -9 20 18 12 -13 17 -15 29 24 -18 -19 -20 -21 26 -23 -24 -25 27 -27 -28 28 -30 -31
leaf_value=-0.0019642281250941479 -0.018151959654515989 0.01471151708082514 -0.01952706979959682 0.018567973545804705 -0.004023033060532563 0.031335340580792827 -0.039968681284657664 -0.01992356190898787 -0.024421935087736938 0.0042299951321968085 0.065540740652840782 -0.026657582749890402 -0.0079301777967331118 0.042870044514250263 0.001434127733565679 -0.013670450017348908 -0.039062980300816792 0.033782709966085629 0.014378028273932406 -0.034041480957106761 -0.0078254846542515789 0.017829088007303828 0.025622827219385552 0.038930399851013917 -0.001181346370025044 0.066561590029817999 -0.040513275712048352 0.0076276623802534558 0.06783062565013416 -0.022224121330023786
leaf_weight=182.92884828150272 9.5073652863502485 506.22525249421597 108.89942290633917 116.30823031067848 10.082387834787371 1229.1827096045017 1181.1355407014489 683.47344744950533 932.8120096847415 406.48705196380615 85.349724680185318 92.355916060507298 23.269667699933052 502.86705197393894 453.78093871474266 183.38769866526127 572.37591017782688 136.52824306488037 465.69207961857319 22.156847268342972 212.55999445915222 527.00558583438396 460.028245434165 118.98422086238861 220.5029012709856 13.157516822218893 30.176724039018154 19.421145148575309 11.797164261341093 52.433356165885925
leaf_count=1108 46 2442 948 568 52 5098 11516 5349 7459 2130 345 690 99 2033 2704 1160 5383 555 2258 136 1633 2405 2111 490 1415 65 239 114 62 320
internal_value=-0.00023932 0.021293 -0.0242313 -0.0123075 0.0097249 0.0318882 -0.0335093 -0.027919 -0.0191585 0.0144554 0.0354524 -0.00625725 0.0422179 0.0461595 0.00264264 -0.00214665 -0.0359402 0.0277085 0.00856604 0.00225172 -0.0218341 0.0211375 0.0199063 0.0347068 -0.00418087 0.0359392 -0.0118892 0.00273261 0.0303779 -0.00101638
internal_weight=9570.87 5043.99 4526.88 1981 2411.29 2632.69 2545.88 1364.75 1358.48 1860.59 1977.2 550.705 748.015 588.217 622.523 458.349 681.275 159.798 894.336 428.644 1175.55 655.497 966.253 128.492 435.109 23.2399 242.737 251.721 31.2183 506.214
internal_count=60933 23706 37227 14031 12635 11071 23196 11680 10439 9077 8130 3558 3032 2378 3592 2868 6331 654 4524 2266 9331 2941 4553 536 2751 117 1872 1591 176 3024
is_linear=0
shrinkage=0.05


Tree=17
num_leaves=31
num_cat=0
split_feature=6 0 0 0 11 0 0 11 1 0 0 1 6 9 1 11 6 2 6 8 2 6 2 2 2 9 2 11 2 1
split_gain=1800.52 226.726 189.323 76.3935 74.0556 38.1847 29.7487 28.8147 26.0698 23.4511 22.1842 21.3399 18.5874 18.141 15.7402 15.0609 17.7118 14.5654 14.3776 16.2446 14.2521 14.0419 13.1466 12.788 12.4461 15.228 11.9009 10.616 10.554 10.1548
threshold=1.0000000180025095e-35 0.53895700000000002 0.5601195000000001 0.43307650000000003 0.65000000000000002 0.63377200000000011 0.61565050000000021 0.94500000000000017 0.8945510000000001 0.52128300000000005 0.49959750000000008 0.96786950000000005 0.13423400000000005 0.49185000000000006 0.89942850000000008 0.94500000000000017 0.26393200000000006 0.47215000000000007 0.34699000000000008 1.0000000180025095e-35 0.76885000000000014 0.094494000000000009 0.31035000000000007 0.90515000000000012 0.64545000000000008 0.46095000000000003 0.36005000000000004 0.94500000000000017 0.52445000000000008 0.89293200000000017
decision_type=2 2 2 2 2 2 2 2 2 2 2 2 2 2 2 2 2 2 2 2 2 2 2 2 2 2 2 2 2 2
left_child=2 3 4 13 10 11 7 22 15 -6 20 12 28 -2 -12 -5 -17 -10 -15 26 -1 -19 -4 -22 -7 -26 -20 -23 -3 -30
right_child=1 5 6 8 9 24 -8 -9 17 -11 14 -13 -14 18 -16 16 -18 21 19 -21 23 27 -24 -25 25 -27 -28 -29 29 -31
leaf_value=-0.017256349952079565 0.018469111182971867 -0.011898938201438608 -0.018635918223399304 0.0098332421666854214 0.0071289668235717729 -0.034463177043647826 -0.039255000819739802 -0.02016782792806281 -0.0084086611066090285 -0.0099346457592821916 -0.019974410715149982 -0.040224525761101422 0.014550214005833052 0.031899364399828531 -0.034979679784612382 0.02248578268964456 0.035986894436630869 0.00033815997177124419 0.06371137249064586 0.026739564449740447 0.033521893261924146 -0.0058443812301456595 -0.03935932908172908 -0.0046616328034655239 -0.024377894729292134 0.0070084678447496834 0.04275795880498115 0.020717353845098232 0.015001523479711299 -0.00017868286918131603
leaf_weight=109.25753933191299 155.10029783844948 118.13853285461664 91.424626313149929 160.93262848258018 427.60940877348185 66.696656085550785 1140.7988822981715 591.66992165893316 74.38958652317524 380.54875721037388 901.85998174548149 24.139418356120586 492.68574695289135 784.4019705504179 216.7765484675765 909.83909533917904 331.4015778452158 131.36754377186298 80.220548704266548 138.70266066491604 34.490222901105881 40.820564419031143 469.73954995721579 60.200943827629089 76.980434902012348 77.604794442653656 436.47027303278446 479.40594336390495 162.36997307091951 342.67020010948181
leaf_count=708 686 683 809 722 2375 493 11473 4739 359 2649 7251 165 2451 3192 1903 4066 1389 667 323 564 223 195 4559 393 582 534 1755 2215 865 1945
internal_value=-0.000237951 0.0200584 -0.0235618 0.0264429 -0.0128307 0.00259697 -0.0335307 -0.0278662 0.0202426 -0.000906015 -0.0201172 0.00628641 0.00729258 0.0347163 -0.0228822 0.0242246 0.0260905 0.0125517 0.0364665 0.0419327 -0.00495146 0.0149447 -0.0359831 0.0092463 -0.0164103 -0.00862133 0.0460112 0.0186331 0.00155468 0.00470174
internal_weight=9508.71 5084.34 4424.38 3723.05 2130.74 1361.29 2293.63 1152.83 2128.16 808.158 1322.59 1140 1115.86 1594.9 1118.64 1402.17 1241.24 725.984 1439.8 655.393 203.949 651.594 561.164 94.6912 221.282 154.585 516.691 520.227 623.179 505.04
internal_count=60933 23851 37082 16133 15502 7718 21580 10107 9613 5024 10478 6109 5944 6520 9154 6177 5455 3436 5834 2642 1324 3077 5368 616 1609 1116 2078 2410 3493 2810
is_linear=0
shrinkage=0.05


Tree=18
num_leaves=31
num_cat=0
split_feature=6 0 0 11 0 0 0 0 5 1 9 7 0 1 6 11 9 10 2 2 9 7 11 6 9 2 10 1 9 9
split_gain=1639.58 200.979 183.194 82.9409 58.9245 38.7795 34.1683 27.5291 20.544 19.7966 19.4546 20.8493 19.0489 17.4216 16.7892 16.067 15.1066 14.3589 13.96 12.6817 18.9394 12.43 12.6923 17.0168 12.4111 11.9341 11.2209 11.116 10.6054 10.5909
threshold=0.030776500000000002 0.48441000000000006 0.58179300000000012 0.81000000000000016 0.59492350000000005 0.52652700000000008 0.40517750000000002 0.52759550000000011 0.75000000000000011 0.90415950000000012 0.49675000000000008 0.85239650000000011 0.65997900000000009 0.97302850000000018 0.092329500000000023 0.94500000000000017 0.44915000000000005 0.40865000000000007 0.7591500000000001 0.96875000000000011 0.37305000000000005 0.83558550000000009 0.65000000000000002 0.67333350000000014 0.51105000000000012 0.91605000000000014 0.34675000000000006 0.89419100000000007 0.51705000000000012 0.56145000000000012
decision_type=2 2 2 2 2 2 2 2 2 2 2 2 2 2 2 2 2 2 2 2 2 2 2 2 2 2 2 2 2 2
left_child=2 6 3 5 10 8 16 25 17 28 -3 -12 15 14 -6 -4 -2 19 -10 20 -1 22 -18 -24 -22 -5 -9 29 -8 -13
right_child=1 4 12 7 13 -7 9 26 18 -11 11 27 -14 -15 -16 -17 21 -19 -20 -21 24 -23 23 -25 -26 -27 -28 -29 -30 -31
leaf_value=0.017943663051518063 -0.02054556573866341 0.0059929392048729139 -0.040350497006987604 0.010622591670614388 -0.013183011159922693 -0.031692534982815483 0.018767996460955533 0.036921705649447342 -0.014054429048437483 0.01105091972005373 0.022374087358009997 0.021606044019596562 -0.044010257106513267 -0.045849085775286541 0.0047971024494751118 -0.028408926073417717 0.0075556582669531278 -0.030583448970611778 0.0072802983113716526 -0.028936507076702957 -0.02135819642822627 0.017164714051475863 0.036992514878055133 0.063435591405879163 -0.0018849836488795569 -0.011721156179219473 -0.011400174795401402 -0.0011208178641528624 0.028962431469016694 0.0040400807439499968
leaf_weight=48.897672072052956 11.862082853913305 663.57639861106873 406.7740915119648 359.01665499806404 248.45147684961557 560.09816543757915 342.01628263294697 12.309051908552645 173.81290488690138 249.98734067380428 687.84392338991165 205.73507291078568 448.02133794128895 25.840248271822929 271.94100242108107 915.92163100093603 33.570978090167046 222.38515600562096 137.1961020976305 134.67331198602915 256.01023387163877 79.268353670835495 867.06654439866543 65.431807085871696 120.2588622123003 71.695112690329552 500.77332836389542 175.40495756268501 1004.0789410918951 147.20511631667614
leaf_count=388 57 3413 4087 1950 1752 5174 1533 87 1190 1123 3066 994 4645 195 1611 8729 138 1874 921 1107 2070 324 3487 264 943 395 3667 890 4145 714
internal_value=-0.000236077 0.01908 -0.0226984 -0.0142432 0.00867863 -0.0209942 0.0285904 -0.00241694 -0.0155131 0.0239725 0.0128792 0.0166365 -0.0350996 -0.00577695 -0.00378716 -0.0320814 0.0355621 -0.0198351 -0.00464299 -0.0155655 -0.0113301 0.0361988 0.0377606 0.038848 -0.0151344 0.00690331 -0.0102409 0.00916682 0.0263722 0.0142796
internal_weight=9447.12 5079.28 4367.84 2597.13 2426 1653.33 2653.28 943.794 1093.23 1596.08 1879.77 1216.19 1770.72 546.233 520.392 1322.7 1057.2 782.225 311.009 559.84 425.167 1045.34 966.069 932.498 376.269 430.712 513.082 528.345 1346.1 352.94
internal_count=60933 23706 37227 19766 12635 13667 11071 6099 8493 6801 9077 5664 17461 3558 3363 12816 4270 6382 2111 4508 3401 4213 3889 3751 3013 2345 3754 2598 5678 1708
is_linear=0
shrinkage=0.05


Tree=19
num_leaves=31
num_cat=0
split_feature=6 0 0 11 0 0 0 0 1 5 1 0 2 11 10 2 1 10 10 1 11 6 2 2 2 9 9 2 9 1
split_gain=1493.25 184.31 173.865 75.2329 63.6123 36.9394 32.2879 24.0183 23.3712 19.1117 18.848 18.8084 16.5564 15.5128 14.373 16.0279 13.8408 13.6165 13.078 13.7432 12.7583 17.3979 12.6942 12.0395 11.9356 17.5097 12.192 11.8528 13.6998 11.7064
threshold=1.0000000180025095e-35 0.53895700000000002 0.58179300000000012 0.81000000000000016 0.43071150000000008 0.52652700000000008 0.63377200000000011 0.52003200000000016 0.8945510000000001 0.75000000000000011 0.9597905000000001 0.65997900000000009 0.69745000000000013 0.94500000000000017 0.38645000000000007 0.6795500000000001 0.75949500000000014 0.40865000000000007 0.39455000000000007 0.93576800000000004 0.94500000000000017 0.26393200000000006 0.7591500000000001 0.46625000000000005 0.94875000000000009 0.37305000000000005 0.51105000000000012 0.64545000000000008 0.46095000000000003 0.90804950000000006
decision_type=2 2 2 2 2 2 2 2 2 2 2 2 2 2 2 2 2 2 2 2 2 2 2 2 2 2 2 2 2 2
left_child=2 4 3 5 14 9 10 -5 20 17 12 13 -3 -4 15 -2 -17 24 -10 23 -6 -22 -11 -20 25 -1 -27 -8 -29 -14
right_child=1 6 11 7 8 -7 27 -9 18 22 -12 -13 29 -15 -16 16 -18 -19 19 -21 21 -23 -24 -25 -26 26 -28 28 -30 -31
leaf_value=0.017197106775858589 0.043586300660506824 -0.0014562999286502828 -0.039589852755294933 0.0075193381200871247 0.009116864267639524 -0.030855268117708324 -0.033334011333089504 -0.0089330002407840663 -0.0050492847706537849 -0.01347496329760553 -0.030584552224640321 -0.043398437769865815 0.01746111122021126 -0.027676071002595337 0.026038670454024318 -0.014466401024843846 0.031428848008574775 -0.029725188586812407 -0.0051563079275076598 -0.0053507006978790374 0.020098181614333799 0.033217643653874689 0.0068840928972059168 0.019106387201145998 -0.027921548319394147 -0.020791542413050784 -0.0013683075513304351 -0.023065927489521073 0.0069023951412418363 0.0046485669746836123
leaf_weight=49.273804306983948 371.36714820563793 396.6146682575345 394.18200658261776 366.94912774860859 171.66477489471436 546.87223800271749 64.810733802616596 560.94504451751709 108.21460013091564 172.26345551759005 34.895873486995697 431.37039170414209 369.81356734037399 890.46306046098471 684.59151940047741 17.008418560028076 480.80477146804333 217.49194208532572 57.02630740404129 81.917371973395348 938.65142042934895 345.79175679385662 137.82110719382763 494.45708532631397 134.47702542692423 250.69201657921076 119.21154370903969 74.91962444037199 77.671914674341679 344.20763260871172
leaf_count=386 1500 2142 4087 1961 762 5174 493 4059 499 1190 243 4631 1832 8677 2811 70 1938 1874 274 414 4140 1433 921 2292 1128 2058 936 582 534 1892
internal_value=-0.000233743 0.0179928 -0.0220544 -0.0137895 0.0237139 -0.0202654 0.0022453 -0.00242669 0.0182394 -0.0149092 0.00559789 -0.034365 0.00673473 -0.0313317 0.0314573 0.0357252 0.0298608 -0.0191245 0.0110145 0.0137589 0.0219191 0.0236301 -0.00442612 0.0165975 -0.0149603 -0.0108022 -0.0145319 -0.0154201 -0.0078115 0.0112846
internal_weight=9386.44 5114.43 4272.01 2556 3751.5 1628.1 1362.93 927.894 2197.72 1081.23 1145.53 1716.02 1110.64 1284.65 1553.77 869.18 497.813 771.146 741.615 633.401 1456.11 1284.44 310.085 551.483 553.654 419.177 369.904 217.402 152.592 714.021
internal_count=60933 23851 37082 19687 16133 13667 7718 6020 9814 8493 6109 17395 5866 12764 6319 3508 2008 6382 3479 2980 6335 5573 2111 2566 4508 3380 2994 1609 1116 3724
is_linear=0
shrinkage=0.05


Tree=20
num_leaves=31
num_cat=0
split_feature=6 0 0 11 0 0 0 0 1 2 0 5 1 11 9 9 10 6 9 6 2 7 11 6 2 2 10 9 1 10
split_gain=1359.82 167.331 163.95 71.3826 47.9876 35.1405 29.4847 22.8842 22.3803 22.7859 18.6756 17.7637 16.6577 15.4328 14.3271 13.4877 12.8974 12.7835 12.2844 12.2783 11.5407 11.403 11.2753 15.79 11.2167 15.8511 16.2353 17.9865 11.0022 11.4059
threshold=0.030776500000000002 0.58179300000000012 0.48441000000000006 0.81000000000000016 0.56282700000000008 0.52652700000000008 0.40517750000000002 0.52759550000000011 0.96786950000000005 0.53275000000000017 0.65997900000000009 0.75000000000000011 0.90415950000000012 0.94500000000000017 0.43415000000000004 0.44915000000000005 0.40865000000000007 0.25290700000000005 0.48135000000000006 0.44058800000000004 0.7591500000000001 0.83558550000000009 0.65000000000000002 0.67333350000000014 0.96875000000000011 0.70635000000000014 0.34325000000000006 0.35945000000000005 0.90899950000000007 0.36485000000000006
decision_type=2 2 2 2 2 2 2 2 2 2 2 2 2 2 2 2 2 2 2 2 2 2 2 2 2 2 2 2 2 2
left_child=1 3 6 5 14 11 15 -5 9 -6 13 16 -8 -3 -4 -2 24 -16 -11 -19 -13 22 -17 -24 25 -1 -27 -28 29 -20
right_child=2 10 4 7 8 -7 12 -9 -10 18 -12 20 -14 -15 17 21 -18 19 28 -21 -22 -23 23 -25 -26 26 27 -29 -30 -31
leaf_value=-0.015610097992482955 -0.020778021344027925 -0.038832112206463605 -0.0078494906728053971 0.0062345528586837083 -0.014237602621402704 -0.030026984390309347 0.023623302858945421 -0.0094165784848699273 -0.037675267183696758 -0.0031764092295211294 -0.042640379402430102 -0.012915211243552813 0.0096256592238260913 -0.026793123025093898 0.012127911882238225 0.0058539203352029464 -0.028878687304424763 0.028067399660299003 -0.015443277012939342 -0.0018816545810636889 0.0065112009832855719 0.01460740856357207 0.033526446829164128 0.059098486232930673 -0.027248666937372767 0.089699022635744918 0.075222389495278943 -0.0045928300665642611 -0.0008091848483991965 0.019179983830969874
leaf_weight=325.16175405681133 11.889013856649397 382.08940649032593 75.165093079209328 433.33233852684498 201.02582731842995 534.18634730577469 1357.7801085859537 506.58391963690519 39.738306105136871 289.15721264481544 418.08647399395704 170.78163962066174 251.98732651770115 877.64834450185299 1113.2410799711943 33.671043649315834 212.79489270597696 248.5114763379097 26.226470530033112 39.687976747751236 138.41269043833017 79.746805295348167 867.76667377352715 64.879103407263756 129.24859520792961 5.678624913096427 7.74269064515829 79.886122219264507 149.80513970553875 255.69450100511312
leaf_count=2655 57 4087 394 2345 1255 5174 5678 3754 308 1814 4645 1190 1123 8729 5266 138 1874 1075 137 177 921 324 3487 264 1107 41 55 650 860 1349
internal_value=-0.000231111 -0.0212266 0.017128 -0.0131421 0.00775633 -0.019554 0.0256935 -0.00220089 -0.00093567 0.000647966 -0.0334836 -0.014324 0.0214322 -0.0304447 0.013417 0.0321776 -0.0184323 0.0145577 0.00479896 0.0239431 -0.00421886 0.0327795 0.0342791 0.0353054 -0.0143738 -0.0103972 0.00776881 0.00245947 0.0101406 0.0159591
internal_weight=9327.61 4221.63 5105.97 2543.81 2438.25 1603.89 2667.72 939.916 961.647 921.909 1677.82 1069.71 1609.77 1259.74 1476.61 1057.95 760.513 1401.44 720.883 288.199 309.194 1046.06 966.317 932.646 547.718 418.469 93.3074 87.6288 431.726 281.921
internal_count=60933 37227 23706 19766 12635 13667 11071 6099 5723 5415 17461 8493 6801 12816 6912 4270 6382 6518 4160 1252 2111 4213 3889 3751 4508 3401 746 705 2346 1486
is_linear=0
shrinkage=0.05


Tree=21
num_leaves=31
num_cat=0
split_feature=6 0 0 11 0 0 0 0 7 0 10 9 11 2 1 11 9 2 8 6 1 1 10 10 2 9 10 2 1 2
split_gain=1238.62 158.525 150.653 65.26 40.3959 33.969 33.793 24.7965 20.5189 18.4182 17.1141 16.9601 16.5587 17.3857 16.4912 14.8761 12.1624 11.1561 13.7596 11.6429 12.3429 11.1392 13.7768 11.0852 10.9317 12.0519 10.5904 10.4761 10.2362 9.92684
threshold=1.0000000180025095e-35 0.58179300000000012 0.49878850000000002 0.65000000000000002 0.63377200000000011 0.40517750000000002 0.52759550000000011 0.52128300000000005 0.85239650000000011 0.65997900000000009 0.40805000000000008 0.5101500000000001 0.94500000000000017 0.52445000000000008 0.9597905000000001 0.94500000000000017 0.44915000000000005 0.38905000000000006 1.0000000180025095e-35 0.16869950000000003 0.73372300000000013 0.90245000000000009 0.39515000000000006 0.40805000000000008 0.64545000000000008 0.46095000000000003 0.42335000000000006 0.49285000000000007 0.84551650000000012 0.27025000000000005
decision_type=2 2 2 2 2 2 2 2 2 2 2 2 2 2 2 2 2 2 2 2 2 2 2 2 2 2 2 2 2 2
left_child=1 3 5 6 8 16 10 -5 12 15 -1 -7 -4 -14 -10 27 -2 18 -18 -19 -21 -15 -23 -22 -6 -26 -17 -3 -9 -30
right_child=2 9 4 7 24 11 -8 28 14 -11 -12 -13 13 21 -16 26 17 19 -20 20 23 22 -24 -25 25 -27 -28 -29 29 -31
leaf_value=-0.010854232774213199 -0.019911925258545127 -0.022514818242529312 -0.0076813527980588497 0.0059120446622187581 -0.032121475596542236 0.012258769674694206 -0.031232675963305478 0.0096740864539227017 0.0047578476059453711 -0.042036569819608696 -0.025987831147766684 0.022481950070274856 0.0013991947129043192 0.025386286090249795 -0.031389029937000539 -0.02356988791487687 0.049179533660790038 0.011557326715553304 -0.01018427524855603 -0.028844661495426756 0.034029860114142434 -0.040694552083814645 0.014373811164809411 0.017585216232800582 -0.021902080380597086 0.006335073682324735 -0.038434798584757096 -0.042619356770659804 -0.028124510714345203 -0.0090754095187531494
leaf_weight=757.03715580701828 11.788452774286268 83.710979975759983 79.534327954053879 432.35062021762133 62.864768885076046 576.02291741967201 437.8178603425622 61.862508505582809 1028.2176226079464 402.68013303726912 248.01758222281933 1371.9598426818848 156.89999902248383 378.60044051706791 32.552729375660419 709.75255177915096 124.96158145368099 85.087398797273636 10.588233739137648 8.531628876924513 696.07985018193722 11.945832580327986 230.62077049911022 120.17082066833973 73.151377521455288 78.167356304824352 144.15579522401094 286.77210511267185 79.534909956157207 488.13551310449839
leaf_count=5973 57 884 385 2375 493 2607 4354 468 5450 4631 2162 5668 778 1670 230 7174 508 345 43 35 2798 55 1129 484 582 534 1503 3203 607 3748
internal_value=-0.000227974 -0.0206089 0.0161626 -0.0127154 0.00599874 0.0233751 -0.0196391 -0.00330768 0.00829815 -0.0327604 -0.0145888 0.0194589 0.0140492 0.0162705 0.00364858 -0.0297096 0.030591 0.0311604 0.0445424 0.0291668 0.0309835 0.0200269 0.0116618 0.0316088 -0.0145963 -0.00731549 -0.0260794 -0.0380767 -0.0096396 -0.0117443
internal_weight=9269.57 4131.83 5137.75 2504.76 2132.56 3005.19 1442.87 1061.88 1918.37 1627.07 1005.05 1947.98 857.601 778.067 1060.77 1224.39 1057.21 1045.42 135.55 909.87 824.782 621.167 242.567 816.251 214.184 151.319 853.908 370.483 629.533 567.67
internal_count=60933 37082 23851 19687 11306 12545 12489 7198 9697 17395 8135 8275 4017 3632 5680 12764 4270 4213 551 3662 3317 2854 1184 3282 1609 1116 8677 4087 4823 4355
is_linear=0
shrinkage=0.05


Tree=22
num_leaves=31
num_cat=0
split_feature=6 0 0 11 1 0 2 10 7 0 0 6 11 1 9 10 11 11 6 9 1 9 9 2 8 2 2 10 1 8
split_gain=1127.97 154.635 132.889 64.3486 46.1303 31.8632 27.3937 25.666 26.0641 19.0794 18.9783 18.5721 18.5361 16.9655 16.8118 16.0894 15.1585 14.6679 13.4726 15.155 13.0296 12.9285 12.9093 19.844 14.4508 19.6544 15.4533 18.1071 12.2813 11.6566
threshold=0.035098500000000012 0.58179300000000012 0.46807400000000005 0.81000000000000016 0.92011500000000013 0.52652700000000008 0.53275000000000017 0.39165000000000005 0.81934750000000012 0.51335550000000008 0.65997900000000009 0.25290700000000005 0.65000000000000002 0.96786950000000005 0.50265000000000015 0.38265000000000005 0.94500000000000017 0.94500000000000017 0.54006450000000006 0.53605000000000014 0.73372300000000013 0.42895000000000005 0.57345000000000013 0.60135000000000016 1.0000000180025095e-35 0.47215000000000007 0.31035000000000007 0.43835000000000007 0.88286350000000013 1.0000000180025095e-35
decision_type=2 2 2 2 2 2 2 2 2 2 2 2 2 2 2 2 2 2 2 2 2 2 2 2 2 2 2 2 2 2
left_child=1 3 7 5 6 14 15 8 12 -5 16 21 -2 -6 -1 -4 -3 -13 19 -14 -21 -8 23 24 26 -26 -9 -28 -16 -17
right_child=2 10 4 9 13 -7 11 22 -10 -11 -12 17 18 -15 28 29 -18 -19 -20 20 -22 -23 -24 -25 25 -27 27 -29 -30 -31
leaf_value=-0.017660646248510242 0.0067007942840575305 -0.037325873903415706 0.014223844935978825 0.0078894163136782776 -0.0017457447629128351 -0.028439590999826292 -0.020734476414913258 0.030363792688848701 0.016391192743933743 -0.0069172970074339608 -0.041361277013486276 0.00012982762660546215 0.049439117601118923 -0.033003101393351213 -0.00024101756638156971 -0.0020786611324391416 -0.025081827759486554 0.029943214058557772 0.050334811143547487 -0.047849364994735098 0.030063378236185902 0.012719623265004901 0.031390317610118651 0.020527559257443942 -0.06374854141137426 0.02677371681384353 -0.0065864965977705239 0.04658282689453444 -0.02657485682218861 -0.034471075964316526
leaf_weight=701.9345298409462 66.433711618185043 359.33840427547693 160.41556178033352 335.1728104352951 552.63571023195982 510.94405166059732 29.531978040933609 54.878452152013779 338.84346114099026 620.0347790941596 392.64683850854635 48.67253777384758 108.72072295844555 47.112057909369469 294.42534863203764 306.55006635934114 852.45325748622417 270.74875991046429 111.80679668486118 5.4028804153203955 787.28065004944801 1307.2338359951973 146.39937210083008 537.22891937196255 16.990084335207943 9.2670043259859067 138.93040688335896 18.098825871944427 52.111079856753349 30.540172964334488
leaf_count=5852 275 4087 787 1740 3153 5174 169 235 1403 4464 4666 224 444 362 2228 1611 8811 1135 459 22 3166 6270 592 2267 74 39 581 74 413 156
internal_value=-0.000224332 -0.0196798 0.0155084 -0.0119414 0.00806291 -0.0182014 0.0114781 0.0242683 0.0284894 -0.00172177 -0.0318081 0.0145688 0.0322863 -0.00420111 -0.013212 0.00118945 -0.0287126 0.0254003 0.0339639 0.0319333 0.0295323 0.0119806 0.0177728 0.0152018 0.00318841 -0.0318002 0.00752378 -0.000458323 -0.00420102 -0.00501339
internal_weight=9212.78 4119.06 5093.72 2514.62 2753.44 1559.42 2153.69 2340.28 1418.49 955.208 1604.44 1656.19 1079.64 599.748 1048.47 497.506 1211.79 319.421 1013.21 901.404 792.684 1336.77 921.793 775.394 238.165 26.2571 211.908 157.029 346.536 337.09
internal_count=60933 37435 23498 19871 13867 13667 10352 9631 5769 6204 17564 7798 4366 3515 8493 2554 12898 1359 4091 3632 3188 6439 3862 3270 1003 113 890 655 2641 1767
is_linear=0
shrinkage=0.05


Tree=23
num_leaves=31
num_cat=0
split_feature=6 0 0 11 0 0 0 0 0 11 6 10 9 2 11 6 1 1 9 1 6 2 10 2 0 8 10 2 1 10
split_gain=1027.63 143.912 125.823 56.7459 44.8891 30.7597 24.3862 21.0359 17.9421 17.3583 25.527 15.9257 14.3497 15.8404 14.1919 13.7718 13.0304 12.7909 12.7571 12.5626 13.7121 10.7271 10.4859 10.4648 10.5479 9.87059 9.76862 9.54802 10.6785 9.50368
threshold=1.0000000180025095e-35 0.58179300000000012 0.53895700000000002 0.65000000000000002 0.4373820000000001 0.52759550000000011 0.63904900000000009 0.52966150000000012 0.65997900000000009 0.94500000000000017 0.26201400000000002 0.40805000000000008 0.56995000000000007 0.34715000000000007 0.94500000000000017 0.13423400000000005 0.88492850000000012 0.92986250000000015 0.56645000000000012 0.74837900000000002 0.17752100000000001 0.28405000000000008 0.42335000000000006 0.91605000000000014 0.43534200000000006 1.0000000180025095e-35 0.39335000000000003 0.53275000000000017 0.92127700000000001 0.38025000000000003
decision_type=2 2 2 2 2 2 2 2 2 2 2 2 2 2 2 2 2 2 2 2 2 2 2 2 2 2 2 2 2 2
left_child=1 3 4 5 12 11 15 23 14 25 16 -1 -2 -14 21 27 18 -12 -11 -15 -21 -3 -16 24 -5 29 -20 -4 -29 -6
right_child=2 8 6 7 9 -7 -8 -9 -10 10 17 -13 13 19 22 -17 -18 -19 26 20 -22 -23 -24 -25 -26 -27 -28 28 -30 -31
leaf_value=-0.009861723321012112 0.020880558001206598 -0.014827354574906826 -0.012863782451468362 0.039430833318912825 0.028477235764878997 -0.029660877123937546 -0.015391417261163821 -0.00966153322239738 -0.040676642638562924 0.022947977500915935 0.027775259653849988 -0.024662446110267178 0.050839558179322258 -0.011495171750330045 -0.022000267475198638 0.010285533432581453 0.0078599866564931214 -0.022978949391584041 0.011631816887043704 0.0070272488560020096 0.031050706276075153 -0.040110758232714892 -0.037151091529118566 -0.011877157805139085 0.0056872448921312831 -0.02320576145914691 -0.028144893804097123 0.0073947302386655756 -0.0074944266526937768 -0.00084578935788743269
leaf_weight=744.79015839844942 886.8934033960104 48.77501979470253 127.95125829428434 24.602753862738609 35.355842679738998 417.98124803602695 184.0790613591671 554.17332304269075 376.22998861223459 422.34864540398121 430.09974507987499 240.41686952114105 82.564569413661957 19.855091512203217 683.37668916583061 517.86772373318672 725.60645224153996 12.782481595873831 284.34678004682064 65.447577953338623 642.63234886527061 299.88915330916643 137.1164894849062 81.861924216151237 394.69592628628016 36.55779330432415 16.321282207965851 354.41144695132971 182.40000249445438 126.48818148672581
leaf_count=5973 3634 524 756 108 150 4354 1430 4389 4631 1846 1776 2162 338 82 7174 2539 3366 59 1217 265 2593 3563 1503 464 2237 164 69 1890 1103 574
internal_value=-0.000220248 -0.0192231 0.0145422 -0.0117076 0.0192352 -0.0182954 0.00153739 -0.00294846 -0.0311794 0.0143295 0.0158053 -0.0134735 0.0252754 0.0300844 -0.0281232 0.0041724 0.0125936 0.0263104 0.0173442 0.0277303 0.0288302 -0.0365738 -0.0245322 0.00447472 0.00766718 0.000259589 0.0094726 -0.0005899 0.00233563 0.00556001
internal_weight=9157.92 4003.91 5154.01 2458.52 3787.3 1403.19 1366.71 1055.33 1545.39 2089.91 1891.51 985.207 1697.39 810.5 1169.16 1182.63 1448.62 442.882 723.017 727.935 708.08 348.664 820.493 501.161 419.299 198.402 300.668 664.763 536.811 161.844
internal_count=60933 37082 23851 19687 16133 12489 7718 7198 17395 9221 8333 8135 6912 3278 12764 6288 6498 1835 3132 2940 2858 4087 8677 2809 2345 888 1286 3749 2993 724
is_linear=0
shrinkage=0.05


Tree=24
num_leaves=31
num_cat=0
split_feature=6 0 0 0 0 11 1 0 2 9 0 1 0 1 2 8 2 0 10 10 9 11 6 11 9 2 2 9 10 0
split_gain=935.733 137.423 113.18 52.0366 41.1292 38.2984 22.1887 20.7483 19.9906 18.0489 16.5369 15.789 14.9535 13.9733 12.8483 12.6669 16.1407 14.7034 12.576 12.0457 12.0243 11.9765 11.779 11.6905 11.374 11.1717 10.8369 11.5013 10.6445 10.5985
threshold=1.0000000180025095e-35 0.59023100000000006 0.53895700000000002 0.49563750000000006 0.43071150000000008 0.94500000000000017 0.96786950000000005 0.53387150000000017 0.72045000000000015 0.52365000000000006 0.63377200000000011 0.8945510000000001 0.65997900000000009 0.91745350000000003 0.49285000000000007 1.0000000180025095e-35 0.51945000000000008 0.29514450000000009 0.42455000000000004 0.39455000000000007 0.39185000000000009 0.94500000000000017 0.54006450000000006 0.65000000000000002 0.47885000000000005 0.27025000000000005 0.7420500000000001 0.53965000000000007 0.40805000000000008 0.37607950000000007
decision_type=2 2 2 2 2 2 2 2 2 2 2 2 2 2 2 2 2 2 2 2 2 2 2 2 2 2 2 2 2 2
left_child=1 3 4 20 15 7 8 18 10 -10 -4 -6 14 -11 -3 17 -17 -2 -5 -13 -1 -16 28 29 -21 -7 -27 -28 -19 -24
right_child=2 12 6 5 11 25 -8 -9 9 13 -12 19 -14 -15 21 16 -18 22 -20 24 -22 -23 23 -25 -26 26 27 -29 -30 -31
leaf_value=-0.040798827128307388 0.047079608223285753 -0.018003391859805998 -0.0016364825517737698 -0.01223689783071822 0.016897323162228368 -0.021939057128995326 -0.035013051547638369 -0.026958298247215653 0.0023275803466131931 0.022697926400767093 -0.027798866246301603 -0.0073002157693719139 -0.039996240296717202 -0.011759833780774841 -0.041044224659547088 -0.014736331260493542 0.019875494960700343 0.025405098937415261 -0.028200969789289449 0.0024335737066827328 0.0069416591128328362 -0.027331662965557862 -0.04980365947542325 0.046099497984641552 0.016005050000720188 0.0050364350767907237 -0.003290582883124451 -0.024513720974311041 0.010103575051616451 0.025147735649391212
leaf_weight=13.676010817289351 84.372634097933769 237.50632017850876 430.93722699582577 792.98854319006205 1483.7970815449953 85.558647759258747 40.46576714515686 548.72471757233143 563.96806759387255 227.05921673774719 70.246270962059498 109.72734753787518 363.81575191020966 33.801456049084663 223.99573312699795 37.639252558350563 320.47762453556061 813.41175898909569 146.09446008503437 255.93779554963112 370.74655722081661 550.74199653416872 5.296982839703559 118.81550227105618 389.07695877552032 261.90529484301805 263.65861235558987 84.229593358933926 132.11819280683994 43.041631087660789
leaf_count=85 348 2624 2312 6729 6335 625 331 5823 3251 1084 558 499 4631 182 2764 154 1296 3286 1370 1255 2047 6044 22 491 1725 1850 1906 584 544 178
internal_value=-0.00021602 -0.0185526 0.0137976 -0.0117196 0.0182418 -0.0147066 0.00145933 -0.0192339 0.00257235 0.00735784 -0.00530342 0.0139025 -0.0313021 0.018233 -0.0281773 0.0244878 0.0162377 0.026956 -0.0147205 0.00801467 0.00524327 -0.0312963 0.02543 0.0376654 0.01062 -0.00501958 -0.00264565 -0.00842906 0.023267 0.0169345
internal_weight=9103.83 3943.64 5160.19 2567.58 3793.71 2183.16 1366.48 1487.81 1326.01 824.829 501.183 2238.54 1376.06 260.861 1012.24 1555.17 358.117 1197.06 939.083 754.742 384.423 774.738 1112.68 167.154 645.015 695.352 609.794 347.888 945.53 48.3386
internal_count=60933 37082 23851 21019 16133 18887 7718 13922 7387 4517 2870 9814 16063 1266 11432 6319 1450 4869 8099 3479 2132 8808 4521 691 2980 4965 4340 2490 3830 200
is_linear=0
shrinkage=0.05


Tree=25
num_leaves=31
num_cat=0
split_feature=6 0 0 11 0 0 10 7 8 0 11 0 0 2 9 2 11 6 11 1 2 6 9 6 11 9 1 9 2 2
split_gain=851.965 130.694 102.728 48.336 37.3695 32.239 21.723 22.2111 17.9869 16.5456 16.1703 14.7404 14.6253 14.1653 12.4787 12.3733 12.1696 15.2771 11.7995 11.6685 11.5035 16.9111 11.6647 11.4418 11.9489 15.4554 11.1488 11.1462 10.8265 11.2809
threshold=1.0000000180025095e-35 0.59023100000000006 0.46807400000000005 0.94500000000000017 0.56282700000000008 0.52652700000000008 0.39165000000000005 0.81934750000000012 1.0000000180025095e-35 0.66272550000000019 0.49000000000000005 0.65997900000000009 0.52003200000000016 0.53275000000000017 0.53965000000000007 0.49285000000000007 0.94500000000000017 0.25290700000000005 0.94500000000000017 0.95629600000000015 0.60135000000000016 0.40824900000000003 0.48915000000000003 0.54006450000000006 0.81000000000000016 0.53605000000000014 0.88163550000000013 0.38090000000000007 0.94875000000000009 0.7591500000000001
decision_type=2 2 2 2 2 2 2 2 2 2 2 2 2 2 2 2 2 2 2 2 2 2 2 2 2 2 2 2 2 2
left_child=1 3 6 5 16 8 7 10 28 13 -2 15 -5 -6 -10 -3 -4 -18 -17 -15 21 -8 -23 24 -12 -26 -7 -21 29 -1
right_child=2 11 4 12 9 26 20 -9 14 -11 23 -13 -14 19 -16 18 17 -19 -20 27 -22 22 -24 -25 25 -27 -28 -29 -30 -31
leaf_value=-0.0020928795839298439 -0.006312849296035739 -0.017357148312780325 -0.0043104132162760456 0.0066489912808707363 -0.011748371094739418 -0.018834902337916605 -0.0043687331030449897 0.013697741996441658 -0.017739081469823659 -0.022324981707472647 0.0035278188054122285 -0.039314810122582949 -0.0067082873370082055 0.00561531229413317 -0.0028777440532292489 -0.040370999659578161 0.0096141555816845956 0.021567891660502197 -0.026551726651479219 0.0818197241791222 0.01858141821540402 -0.013169750584686078 0.026909256110177117 0.04394441304178752 0.047010406311843514 0.026374486804357014 -0.032525816785604941 -0.027044827442696047 -0.023471071322793306 0.023758612609243217
leaf_weight=140.81593684107065 32.839155957102776 234.11969697475433 123.96941076219082 326.3901531547308 180.93992035835981 302.16969968378544 158.83661991357803 347.64370448887348 653.42894670367241 85.386692740023136 49.424388498067856 351.91941482573748 550.70535930246115 657.27859927713871 180.20731078833342 216.53497824817896 1392.1803143173456 330.79244424402714 538.87971809506416 2.4915529862046233 639.43361377716064 21.901017054915428 106.1201373487711 118.56511409580708 102.80076068639755 773.0452731102705 292.76587984710932 41.747666791081429 37.924767717719078 60.258712939918041
leaf_count=966 136 2624 572 1713 1116 3205 669 1431 5749 701 203 4631 4165 3638 1419 2764 6440 1382 6044 20 2664 98 432 495 417 3115 3154 322 255 393
internal_value=-0.000211704 -0.0178971 0.0130936 -0.0112396 0.00665002 -0.0162373 0.0208097 0.0246859 -0.0110597 -0.00130846 0.0282339 -0.030526 -0.0017377 0.000725106 -0.0145265 -0.0274003 0.0108205 0.0119091 -0.0305129 0.00394234 0.0148494 0.0065303 0.0200528 0.0293207 0.0274468 0.0287966 -0.0255722 -0.0209136 0.00103271 0.00565438
internal_weight=9051.52 3886.12 5165.4 2544.67 2814.79 1667.57 2350.61 1424.32 1072.64 967.844 1076.67 1341.45 877.096 882.458 833.636 989.534 1846.94 1722.97 755.415 701.518 926.291 286.858 128.021 1043.84 925.27 875.846 594.936 44.2392 238.999 201.075
internal_count=60933 37082 23851 21019 14191 15141 9660 5797 8782 5797 4366 16063 5878 5096 7168 11432 8394 7822 8808 3980 3863 1199 530 4230 3735 3532 6359 342 1614 1359
is_linear=0
shrinkage=0.05


Tree=26
num_leaves=31
num_cat=0
split_feature=6 0 7 11 10 0 2 1 8 2 2 0 0 0 1 0 11 9 1 10 6 1 2 11 1 1 1 8 2 2
split_gain=776.003 127.117 91.1408 47.8215 42.3349 30.2587 29.6377 26.0598 20.3311 19.1794 18.4432 16.9123 16.7334 15.9867 15.7961 15.0887 14.2056 14.076 13.166 14.6151 11.5433 11.5341 11.4462 12.1479 10.8685 10.7023 10.4955 10.5054 12.4159 10.4283
threshold=0.035098500000000012 0.59023100000000006 0.85239650000000011 0.81000000000000016 0.39165000000000005 0.52652700000000008 0.60135000000000016 0.94199650000000013 1.0000000180025095e-35 0.32355000000000006 0.47215000000000007 0.52759550000000011 0.56282700000000008 0.46437500000000004 0.9184540000000001 0.65997900000000009 0.49000000000000005 0.50265000000000015 0.88403200000000004 0.42875000000000008 0.54006450000000006 0.87367050000000013 0.49285000000000007 0.94500000000000017 0.83299150000000022 0.80333000000000021 0.90628750000000002 1.0000000180025095e-35 0.25610000000000005 0.53275000000000017
decision_type=2 2 2 2 2 2 2 2 2 2 2 2 2 2 2 2 2 2 2 2 2 2 2 2 2 2 2 2 2 2
left_child=1 3 4 5 13 17 8 12 9 18 -10 -5 -4 16 -8 22 -2 -1 -6 -20 -18 25 -3 -24 -13 -19 27 -7 -29 -14
right_child=2 15 7 11 6 26 14 -9 10 -11 -12 24 29 -15 -16 -17 20 21 19 -21 -22 -23 23 -25 -26 -27 -28 28 -30 -31
leaf_value=-0.015395132011229804 -0.0060021270794397676 -0.01674250219708779 0.0089238801952277614 0.0050145617702144624 0.037182142232137505 -0.013794891867614728 0.019095392991935731 -0.015517707819333338 -0.05213945427473881 -0.0014490069329729351 0.0081802364292957088 0.022599076854823111 -0.014795445107368816 0.015629491205958627 0.0045343261022684558 -0.038647847891157994 0.025640209900876766 -0.011271890263924413 -0.003763598144119828 0.076208893653960871 0.04222433071595863 -0.020713050224819739 -0.039696682088848412 -0.025510204730006043 -0.0093747319880435991 0.0094578422746149637 -0.038673307554745011 0.014763251127449301 -0.033979419773618305 0.001934536802915252
leaf_weight=671.85511270165443 32.812924906611443 230.98349103331566 1112.8697078973055 449.98130866885185 65.414983905851841 192.46578948944807 943.81832911074162 163.03171706944704 31.346893668174744 315.40259425342083 21.271810993552208 27.899763472378254 120.54962269216776 488.0716934427619 232.04464167356491 343.75917091965675 1003.188304707408 98.31165499985218 53.63261653482914 6.3940495401620856 117.18256461620331 71.757055759429932 209.38510773330927 540.26172842085361 561.02262900769711 169.8023519590497 125.90073208510876 14.111498951911924 176.11710754036903 409.74827236682177
leaf_count=5852 136 2625 5042 2404 284 2071 4021 1122 147 1404 94 211 808 2087 1136 4666 4054 777 258 31 493 578 2764 6159 4467 1286 1448 146 1981 2381
internal_value=-0.000207167 -0.0170592 0.0125834 -0.0105518 0.0175124 -0.0162018 0.011906 0.00354907 0.00162176 0.00512807 -0.0277544 -0.00228363 0.00544083 0.0232147 0.0162219 -0.0296339 0.0264251 -0.0112005 0.0216651 0.00475508 0.0273748 -0.00290846 -0.0264741 -0.0294727 -0.00786 0.00185669 -0.0261506 -0.0220308 -0.0303636 -0.0018686
internal_weight=9000.4 3883.61 5116.78 2559.23 3310.58 1520.32 1669.33 1806.2 493.463 440.844 52.6187 1038.9 1643.17 1641.26 1175.86 1324.39 1153.18 1011.73 125.442 60.0267 1120.37 339.871 980.63 749.647 588.922 268.114 508.595 382.694 190.229 530.298
internal_count=60933 37435 23498 21221 14145 14139 7375 9353 2218 1977 241 7082 8231 6770 5157 16214 4683 8493 573 289 4547 2641 11548 8923 4678 2063 5646 4198 2127 3189
is_linear=0
shrinkage=0.05


Tree=27
num_leaves=31
num_cat=0
split_feature=6 0 7 11 10 2 0 0 8 2 2 10 0 0 6 0 1 10 11 2 11 6 1 10 10 11 6 6 9 5
split_gain=706.366 118.034 85.6799 43.8628 38.4328 26.5945 26.4405 25.4125 18.5069 17.2882 17.0692 16.691 16.5966 14.71 14.5326 14.495 14.181 13.969 13.1772 12.9529 12.8597 12.2726 14.9261 10.5687 10.3803 10.3703 17.7422 10.7207 10.3037 11.454
threshold=1.0000000180025095e-35 0.58179300000000012 0.85239650000000011 0.65000000000000002 0.39165000000000005 0.60135000000000016 0.6118340000000001 0.52759550000000011 1.0000000180025095e-35 0.34715000000000007 0.47215000000000007 0.43105000000000004 0.65997900000000009 0.46437500000000004 0.35389000000000009 0.52966150000000012 0.9184540000000001 0.40805000000000008 0.65000000000000002 0.94555000000000011 0.94500000000000017 0.71825400000000006 0.73372300000000013 0.42335000000000006 0.43945000000000006 0.94500000000000017 0.74166650000000012 0.20761500000000002 0.53605000000000014 0.41666650000000005
decision_type=2 2 2 2 2 2 2 2 2 2 2 2 2 2 2 2 2 2 2 2 2 2 2 2 2 2 2 2 2 2
left_child=1 3 4 7 13 8 11 17 9 14 -10 19 20 18 -6 -5 25 -1 -2 -4 -3 22 -20 -22 -11 26 -7 -27 -24 -30
right_child=2 12 6 15 5 16 -8 -9 10 24 -12 -13 -14 -15 -16 -17 -18 -19 21 -21 23 -23 28 -25 -26 27 -28 -29 29 -31
leaf_value=-0.0080595703066950256 0.0034966872243909959 -0.033684312218992353 0.0087341428209871536 0.0039507234291459295 0.0057682592058729719 -0.0049105104681987574 -0.010542255129158087 -0.026702718089309848 -0.05045353722797094 -0.004962720094789503 0.0077568162253187026 -0.027349146956219851 -0.037947012086145669 0.01479956081159557 0.037674413098389752 -0.0078563482420793088 0.0042999966445817816 -0.022269384473243174 -0.050631797830769112 -0.003332174696942608 -0.019009926703829848 0.055999443658743459 0.038772972739141681 -0.034876637234063194 0.029319226243827191 0.011957305413437586 0.034481863301824824 0.024308334552481943 0.048255207292772405 0.022746448009055883
leaf_weight=722.86491834372282 66.242367789149284 311.28941994905472 1257.9288875982165 502.99156187474728 87.216957375407219 105.49569290876389 294.1496431902051 383.8779142126441 30.788950257003307 269.42010574787855 21.310305394232273 37.081640563905239 329.60901697725058 489.62839408963919 60.407891303300858 537.94583878666162 232.44490636140108 227.34802477806807 6.3971178233623496 270.18150956183672 636.89008566737175 34.075407981872559 136.72008343040943 125.65824787318707 24.052318662405014 259.9343585819006 39.207116410136223 542.11970938742161 46.375820770859718 861.49664804339409
leaf_count=5973 273 4087 5989 2809 417 468 2164 4354 147 1200 94 237 4631 2087 257 4389 1136 2162 26 1316 7174 148 556 1503 103 1146 166 2241 195 3485
internal_value=-0.000202709 -0.0166368 0.0118018 -0.00984349 0.0166224 0.0112883 0.00321161 -0.0158456 0.00153884 0.00486754 -0.0266436 0.00579641 -0.0281329 0.0220588 0.0188242 -0.00215105 0.0153659 -0.0114594 0.0251461 0.00660073 -0.0251205 0.0264677 0.0255103 -0.0216246 -0.00215305 0.0180828 0.00576282 0.0203055 0.0259765 0.0240495
internal_weight=8951.15 3778.48 5172.68 2375.03 3313.33 1672.4 1859.34 1334.09 493.197 441.097 52.0993 1565.19 1403.45 1640.94 147.625 1040.94 1179.2 950.213 1151.31 1528.11 1073.84 1085.07 1050.99 762.548 293.472 946.757 144.703 802.054 1044.59 907.872
internal_count=60933 37082 23851 19687 14145 7375 9706 12489 2218 1977 241 7542 17395 6770 674 7198 5157 8135 4683 7305 12764 4410 4262 8677 1303 4021 634 3387 4236 3680
is_linear=0
shrinkage=0.05


Tree=28
num_leaves=31
num_cat=0
split_feature=6 0 0 11 1 0 9 2 10 9 0 9 1 0 6 10 1 1 6 9 10 8 2 10 10 0 6 9 2 2
split_gain=642.938 112.231 76.4663 41.1325 28.648 24.1004 18.5246 18.4174 16.5079 13.9984 13.5718 13.3022 13.2485 13.2173 12.4314 12.1241 11.3316 10.8105 10.0484 9.94533 9.71577 9.44791 13.1717 9.293 8.92714 8.91969 8.90127 12.8238 9.13712 8.64991
threshold=0.030776500000000002 0.58179300000000012 0.46807400000000005 0.65000000000000002 0.92011500000000013 0.5328925000000001 0.46525000000000005 0.53275000000000017 0.41695000000000004 0.42995000000000005 0.53070750000000011 0.53455000000000008 0.97302850000000018 0.3474810000000001 0.25290700000000005 0.38265000000000005 0.88323450000000003 0.7921895000000001 0.44058800000000004 0.48515000000000003 0.42065000000000002 1.0000000180025095e-35 0.13515000000000002 0.41875000000000007 0.40325000000000005 0.59114100000000003 0.37089950000000005 0.48765000000000008 0.88765000000000016 0.91605000000000014
decision_type=2 2 2 2 2 2 2 2 2 2 2 2 2 2 2 2 2 2 2 2 2 2 2 2 2 2 2 2 2 2
left_child=1 3 6 5 7 11 -2 15 -3 -9 29 20 24 23 -11 -4 -13 -12 19 -16 -1 22 -17 -8 -6 -21 -15 -28 -29 -5
right_child=2 8 4 10 12 -7 13 9 -10 14 17 16 -14 26 18 21 -18 -19 -20 25 -22 -23 -24 -25 -26 -27 27 28 -30 -31
leaf_value=-0.011679608273270853 0.00029486122163807323 -0.023851813540951675 0.011078857859593073 0.0065895474651438725 -0.03023665529513065 -0.026593949618446813 0.030548538629072159 -0.018668997931716422 -0.035986846200291828 0.0094046714898686594 0.085133436849447658 0.0028090975499091985 -0.035824940056082555 0.015220720725846709 -0.012600915731598564 0.071229071939670999 -0.035202365994757907 -0.0081551630699975685 -0.0037962495258607567 0.023939211459584973 -0.026173084682135569 -0.032489405099152963 -0.0043735120159388271 0.0041235694804520138 -0.00085122708424193989 0.065250918656592577 -0.0088534547361430963 0.028266616638205701 0.010026179967875141 -0.010837653933497938
leaf_weight=598.21813464164734 140.04094052314758 986.49972825497389 163.1200727596879 436.11409013718367 27.138023510575294 345.18594782799482 322.31024584174156 39.362169645726681 391.461206369102 1350.8104687258601 3.123824030160903 209.62844461202621 30.980044387280941 1344.5447844266891 17.710837110877037 5.8734893947839728 21.629674151539803 528.97798284143209 37.81724888086319 248.49780508875847 143.3360782712698 29.636213399469852 301.20819056779146 37.100873947143555 542.74312169849873 13.791171863675116 29.669988304376602 387.78126567602158 83.426604032516479 85.095947325229645
leaf_count=5197 630 12318 793 2424 153 4038 1339 226 5143 6386 26 1644 262 5480 81 28 185 4340 163 1019 1425 156 1585 150 3146 62 128 1580 339 487
internal_value=-0.000197714 -0.015951 0.011263 -0.00935656 0.00569803 -0.0152435 0.0179286 0.00833236 -0.0272992 0.0108028 -0.0019903 -0.011216 -0.00398165 0.0190486 0.011498 -0.000109342 -0.000746131 -0.00760749 0.0203954 0.0236627 -0.0144811 -0.00552937 -0.00292748 0.0278208 -0.00225058 0.0261114 0.0173402 0.0230296 0.0250372 0.00374428
internal_weight=8902.83 3749.27 5153.56 2371.31 2808.69 1318 2344.87 2207.83 1377.96 1707.99 1053.31 972.812 600.861 2204.83 1668.63 499.838 231.258 532.102 317.817 280 741.554 336.718 307.082 359.411 569.881 262.289 1845.42 500.878 471.208 521.21
internal_count=60933 37227 23706 19766 14060 12489 9646 10499 17461 7937 7277 8451 3561 9016 7711 2562 1829 4366 1325 1162 6622 1769 1613 1489 3299 1081 7527 2047 1919 2911
is_linear=0
shrinkage=0.05


Tree=29
num_leaves=31
num_cat=0
split_feature=6 0 0 11 0 1 10 0 7 0 9 1 1 6 11 8 9 2 2 9 9 1 9 1 6 2 11 10 2 6
split_gain=585.342 113.947 63.61 45.1668 25.9427 19.694 18.1796 15.7233 15.5018 15.4475 12.4624 12.1588 17.1817 11.9508 11.8491 20.9998 11.3462 11.3259 23.9378 12.7538 13.3712 12.2137 11.1965 11.094 10.6642 10.0494 13.0057 10.7789 10.0285 17.3008
threshold=0.045983500000000004 0.59023100000000006 0.48441000000000006 0.94500000000000017 0.52652700000000008 0.96786950000000005 0.38145000000000007 0.65997900000000009 0.88516450000000013 0.46807400000000005 0.45290000000000002 0.86040700000000003 0.81381700000000012 0.12660250000000003 0.94500000000000017 1.0000000180025095e-35 0.52995000000000014 0.96875000000000011 0.70345000000000013 0.34110000000000007 0.56645000000000012 0.90508050000000007 0.55405000000000015 0.88163550000000013 0.34549100000000005 0.34715000000000007 0.94500000000000017 0.39725000000000005 0.59745000000000015 0.45227250000000002
decision_type=2 2 2 2 2 2 2 2 2 2 2 2 2 2 2 2 2 2 2 2 2 2 2 2 2 2 2 2 2 2
left_child=1 3 6 4 9 8 11 25 10 -1 -4 12 24 22 15 16 -15 18 -11 21 -21 -20 -8 -6 -2 27 -27 -3 29 -16
right_child=2 7 5 -5 23 -7 13 -9 -10 17 -12 -13 -14 14 28 -17 -18 -19 19 20 -22 -23 -24 -25 -26 26 -28 -29 -30 -31
leaf_value=0.012032295000530352 0.0012145471133972845 0.0051823983659349988 -0.0051589623836835836 -0.00038115508078296077 -0.015813641232856494 -0.029704853167009423 0.0048382022300383709 -0.036469209364195669 0.0002952295803207482 -0.013569938885671227 0.010346289117696394 0.011666015302147495 0.028276135609919206 0.0018983918289262247 0.0019290855552026942 -0.030336054534678428 0.027236622228580212 -0.020785807478768709 0.1125423310613102 -0.0014427087094052043 0.034626826729655724 -0.03209862602249023 -0.037183809165509445 -0.02998884039326857 0.022481837811828817 -0.036703663704098992 -0.022205301153533061 -0.022261876797878312 0.01957091736473069 0.028824538371604775
leaf_weight=78.265787303447723 111.01976945996284 57.074655845761299 143.73747706413269 990.53254533559084 282.66564829647541 39.940466053783894 162.14371848106384 327.11454521864653 839.74627163261175 533.72795368731022 1316.9939866960049 258.09817451238632 639.11769074201584 126.54244492948055 228.44711574912071 37.033196777105331 67.881646454334259 228.56088633835316 5.1967816799879065 162.43674979358912 30.521612741053104 2.0294791907072067 17.568960636854172 269.75160088390112 125.66594505310059 209.71839360892773 589.40765234082937 95.880789838731289 798.76639257371426 80.990708887577057
leaf_count=467 451 671 772 6517 3205 337 700 4783 4594 4622 6052 1048 2605 551 949 160 276 2084 36 1331 222 20 73 3154 527 2992 6973 1153 3273 335
internal_value=-0.000192726 -0.0148077 0.0111127 -0.00876521 -0.0139779 0.0051042 0.0164127 -0.0270121 0.00570855 -0.00932945 0.00882056 0.0212036 0.0240143 0.0128373 0.0144615 0.00417206 0.010745 -0.0110665 -0.00803968 0.00670497 0.00426267 0.0719202 0.000730072 -0.0227356 0.0125062 -0.0237628 -0.0260102 -0.0120212 0.0166105 0.00896857
internal_weight=8856.58 3862.89 4993.69 2583.69 1593.16 2340.42 2653.28 1279.2 2300.48 1040.74 1460.73 1133.9 875.803 1519.37 1339.66 231.457 194.424 962.473 733.913 200.185 192.958 7.22626 179.713 552.417 236.686 952.081 799.126 152.955 1108.2 309.438
internal_count=60933 38230 22703 21658 15141 11755 10948 16572 11418 8782 6824 4631 3583 6317 5544 987 827 8315 6231 1609 1553 56 773 6359 978 11789 9965 1824 4557 1284
is_linear=0
shrinkage=0.05


Tree=30
num_leaves=31
num_cat=0
split_feature=6 0 0 0 11 0 1 0 0 2 1 9 1 2 2 8 2 2 11 2 9 6 9 10 2 9 10 0 9 2
split_gain=533.493 100.517 66.5413 36.3749 25.4378 25.3589 18.3791 15.9872 13.8698 13.4853 12.9725 12.1485 13.2681 11.7516 11.5273 11.3456 19.4484 11.9743 11.2976 10.4191 10.3637 10.3424 10.2046 9.65881 9.63232 11.1769 9.33897 9.28055 9.09321 10.4408
threshold=1.0000000180025095e-35 0.59023100000000006 0.53895700000000002 0.49563750000000006 0.94500000000000017 0.40517750000000002 0.89942850000000008 0.66272550000000019 0.65997900000000009 0.72045000000000015 0.89497250000000006 0.52365000000000006 0.91745350000000003 0.47215000000000007 0.49285000000000007 1.0000000180025095e-35 0.29075000000000006 0.22105000000000002 0.94500000000000017 0.27025000000000005 0.39185000000000009 0.44058800000000004 0.53695000000000015 0.44805000000000006 0.7420500000000001 0.52695000000000014 0.39485000000000003 0.55200900000000008 0.44915000000000005 0.38905000000000006
decision_type=2 2 2 2 2 2 2 2 2 2 2 2 2 2 2 2 2 2 2 2 2 2 2 2 2 2 2 2 2 2
left_child=1 3 5 20 6 28 22 9 14 -4 15 23 -13 -12 -3 17 -17 -7 -16 -6 -1 -18 27 -11 -21 -26 -15 -5 -2 -30
right_child=2 8 7 4 19 10 -8 -9 -10 11 13 12 -14 26 18 16 21 -19 -20 24 -22 -23 -24 -25 25 -27 -28 -29 29 -31
leaf_value=-0.038777337792363809 -0.022889438286719126 -0.013574448229047889 -0.004629944819165158 -0.012597697752716165 -0.020410572210612897 0.038061355087679688 -0.026576493327909113 -0.020688179314879443 -0.036038247936008391 0.0026658649369514864 -0.011511820136453403 0.019137535920792165 -0.014915961374046187 -0.0056600952793632144 -0.037315434845260745 -0.055335088261156531 0.01047202341722869 0.014345063672828435 -0.022848584708377015 0.0057568649802335978 0.0065986908739526706 -0.017337352686213555 -0.0041644523241370322 -0.046070276596421385 -0.0011398911869543995 -0.020960595902804174 0.010137678793498375 -0.025698367066923772 0.033913212848778997 0.018771863190092927
leaf_weight=13.025096520781515 12.10597103834152 215.75123147666454 477.45874570310116 635.70828631520271 82.971238359808922 55.192193031311035 299.06713738292456 82.369790010154247 301.75867627561092 538.37297641485929 87.271448388695717 227.69351625442505 32.713550589978695 109.29237136244774 186.60314765572548 12.682567328214644 328.88505184650421 1491.3534708619118 487.5406893119216 259.16285710781813 371.18699152767658 37.216636911034584 270.61556041240692 10.361929900944231 239.06395488232374 101.24751103669405 649.50971432030201 171.69582634419203 130.4658080637455 894.15879935026169
leaf_count=85 57 2624 2672 5933 625 232 3346 701 4631 3038 408 1053 174 487 2764 57 1366 6242 6044 1850 2047 155 2488 80 1768 722 2916 2155 551 3662
internal_value=-0.00018797 -0.0148689 0.010121 -0.00906308 -0.0116979 0.0135197 -0.0156097 0.000666707 -0.0267748 0.00203387 0.0110242 0.00596606 0.0148596 0.00586387 -0.0236337 0.0132919 0.0055363 0.0151914 -0.026853 -0.00380432 0.00506041 0.00764502 -0.0125672 0.00174557 -0.0015059 -0.00703683 0.00786228 -0.0153836 0.0201908 0.0206998
internal_weight=8812.5 3635.4 5177.1 2443.74 2059.53 3808.13 1377.09 1368.97 1191.65 1286.6 2771.4 809.142 260.407 846.074 889.895 1925.33 378.784 1546.55 674.144 682.446 384.212 366.102 1078.02 548.735 599.474 340.311 758.802 807.404 1036.73 1024.62
internal_count=60933 37082 23851 21019 18887 16133 13922 7718 16063 7017 11863 4345 1227 3811 11432 8052 1578 6474 8808 4965 2132 1521 10576 3118 4340 2490 3403 8088 4270 4213
is_linear=0
shrinkage=0.05


Tree=31
num_leaves=31
num_cat=0
split_feature=6 0 7 0 10 11 2 0 1 8 2 2 10 10 5 1 2 6 11 6 2 1 10 1 2 2 1 9 11 0
split_gain=485.312 94.8489 61.9187 33.2295 29.1816 23.5528 22.1859 19.6478 17.4143 15.2671 15.3903 15.1858 13.8727 13.6761 12.329 11.6653 11.4306 10.3988 11.6858 10.3936 11.3528 10.1486 12.8518 9.93694 9.68543 9.57201 9.55047 9.52593 9.22138 9.05293
threshold=1.0000000180025095e-35 0.59023100000000006 0.85239650000000011 0.49563750000000006 0.39165000000000005 0.94500000000000017 0.60135000000000016 0.6118340000000001 0.9058655000000001 1.0000000180025095e-35 0.32355000000000006 0.47215000000000007 0.41695000000000004 0.43105000000000004 0.75000000000000011 0.81591550000000013 0.94555000000000011 0.25290700000000005 0.81000000000000016 0.95833350000000006 0.79255000000000009 0.88403200000000004 0.42875000000000008 0.87815800000000011 0.49285000000000007 0.27025000000000005 0.80333000000000021 0.39185000000000009 0.94500000000000017 0.55920500000000006
decision_type=2 2 2 2 2 2 2 2 2 2 2 2 2 2 2 2 2 2 2 2 2 2 2 2 2 2 2 2 2 2
left_child=1 3 4 27 14 8 9 13 29 10 21 -11 24 16 -2 -16 -4 28 19 20 -19 23 -23 -6 -3 -7 -20 -1 -8 -5
right_child=2 12 7 5 6 25 17 -9 -10 11 -12 -13 -14 -15 15 -17 -18 18 26 -21 -22 22 -24 -25 -26 -27 -28 -29 -30 -31
leaf_value=-0.037765531838684085 0.038226814923571127 -0.013407258772973347 0.0072305570895799618 -0.010358220128692194 0.023790983007664822 -0.019663432569334626 -0.01649974016320957 -0.0096457702584879425 -0.027234532931866236 -0.048635772349427675 -0.0027374112628973622 0.0065763826990986379 -0.034514745250789923 -0.025921574996913541 0.0073016457541863096 0.019341853137390563 -0.0040790146327490291 0.016160989493236574 -0.073887520446912922 0.02439373109258133 -0.024200841460707903 -0.0049275039523505428 0.068931058499923994 0.080262333867405833 -0.025746438861012095 -0.0014334330850931279 0.021501265672946804 0.0062476485127155833 0.0097332930669001561 -0.022303085490350549
leaf_weight=12.713368266820906 75.293375924229622 215.25903729349375 1267.7395342439413 928.9223261475563 56.344684809446335 81.846855148673058 35.600818634033203 289.60630588978529 240.18299447745085 29.938248477876186 315.34635531902313 21.324958644807339 340.99164791405201 36.040302164852619 237.23268255591393 1323.4855828732252 271.21343904733658 28.94958171248436 2.6387782692909232 37.102563410997391 43.753052815794945 53.744827911257744 6.6147458702325812 9.0397871285676938 608.84609735757113 598.8909819200635 469.70924492180347 372.40878154337406 567.56772346049547 191.28760711848736
leaf_count=85 326 2785 5989 8690 243 625 163 2164 2785 147 1404 94 4898 237 982 5462 1316 128 11 157 196 258 31 41 8380 4340 1942 2047 2560 2447
internal_value=-0.000183217 -0.0143071 0.00961226 -0.00867629 0.0137136 -0.011218 0.0090801 0.00232355 -0.0150174 0.000158671 0.00316024 -0.0256681 -0.0260329 0.00452444 0.0184651 0.0175117 0.00523744 0.0127858 0.0175528 0.00286018 -0.0081291 0.0179506 0.00316658 0.0315985 -0.0225234 -0.00362527 0.0209684 0.00479472 0.00818494 -0.0123979
internal_weight=8769.64 3591.35 5178.29 2426.25 3313.69 2041.13 1677.68 1864.6 1360.39 492.354 441.09 51.2632 1165.1 1574.99 1636.01 1560.72 1538.95 1185.32 582.153 109.805 72.7026 125.744 60.3596 65.3845 824.105 680.738 472.348 385.122 603.169 1120.21
internal_count=60933 37082 23851 21019 14145 18887 7375 9706 13922 2218 1977 241 16063 7542 6770 6444 7305 5157 2434 481 324 573 289 284 11165 4965 1953 2132 2723 11137
is_linear=0
shrinkage=0.05


Tree=32
num_leaves=31
num_cat=0
split_feature=6 0 11 0 1 0 1 9 11 0 6 7 1 6 8 2 9 2 2 8 0 8 10 4 6 10 0 9 10 2
split_gain=442.148 102.463 44.9283 38.1312 25.7746 20.0352 18.7991 18.1096 16.5248 16.0835 15.1276 13.6881 11.1159 11.0708 10.2092 15.6242 12.9918 15.8707 10.1489 10.1387 9.71009 9.67934 9.67054 9.5029 13.4806 9.35745 9.28288 12.0571 9.19651 9.19265
threshold=0.084523500000000015 0.60565550000000012 0.94500000000000017 0.4373820000000001 0.88204450000000012 0.54799150000000008 0.92011500000000013 0.53695000000000015 0.94500000000000017 0.5531775000000001 0.29814800000000002 0.9740215000000001 0.96164150000000015 0.32200500000000004 1.0000000180025095e-35 0.49285000000000007 0.57225000000000015 0.53275000000000017 0.27025000000000005 1.0000000180025095e-35 0.45512150000000001 1.0000000180025095e-35 0.41575000000000006 0.54527027027027042 0.63818200000000014 0.36555000000000004 0.67289250000000012 0.39185000000000009 0.42915000000000009 0.8559500000000001
decision_type=2 2 2 2 2 2 2 2 2 2 2 2 2 2 2 2 2 2 2 2 2 2 2 2 2 2 2 2 2 2
left_child=1 2 4 14 7 12 8 21 19 20 -10 26 -4 -12 16 25 -2 -18 -7 -5 -6 -1 -13 24 29 -16 27 28 -3 -19
right_child=3 11 5 6 9 18 -8 -9 10 -11 13 22 -14 -15 15 -17 17 23 -20 -21 -22 -23 -24 -25 -26 -27 -28 -29 -30 -31
leaf_value=-0.0023847482909147844 0.014421582195409116 0.0060304355987925821 0.0045424787963753771 0.0012877019191463012 0.03333465579407989 -0.026577009618273341 -0.0021162578203536139 0.0018334261774549652 0.0085769923264102481 -0.032827077343428004 0.035694491362733907 -0.023517976324311709 -0.05140396191686547 0.015007206281006231 0.017082175053143484 0.013095627402453064 0.036903052587308388 0.01124104673521626 -0.0054757348880249143 -0.026132665960098295 -0.016615298311934586 -0.015783695912369396 -0.034338809792676381 -0.024584924900895588 0.050889104108166876 -0.038532470587826773 -0.034900473634659611 -0.0094048638256275709 0.1345793020909147 0.027697477943071189
leaf_weight=178.42231802642345 667.90291573107243 3.0108757093548766 872.41302891075611 174.43242457509041 9.990177705883978 62.606138944625854 438.52737388759851 315.31958674639463 1768.3450463786721 199.27951566874981 83.820102587342262 611.52943246439099 8.9697661772370321 283.08364474773407 10.861874327063559 340.24931465089321 181.56433029472828 219.06722068786621 634.3893246948719 41.787178307771683 372.95184438675642 551.11651962250471 311.72663272172213 12.076582759618757 33.273524954915047 24.906686753034592 35.945517763495445 139.85411577671766 2.5865615159273148 138.52071464061737
leaf_count=1749 2739 22 4592 773 57 565 2386 2728 7949 2710 344 8728 58 1167 44 1384 769 900 4989 190 3590 5522 4694 50 143 105 333 1063 21 569
internal_value=-0.000178216 -0.0115721 -0.00704651 0.0109364 -0.0128767 -0.00103638 0.00738778 -0.00817913 0.00916019 -0.0213071 0.010494 -0.0247044 0.00397312 0.0197333 0.0170163 0.00979104 0.0191855 0.0246293 -0.00737111 -0.00401163 -0.0153122 -0.0125067 -0.0271715 0.0190987 0.0204484 -0.0216439 -0.0121478 -0.00652488 0.0654325 0.0176159
internal_weight=8728.53 4310.11 3205.46 4418.42 1627.08 1578.38 2790 1044.86 2351.47 582.222 2135.25 1104.65 881.383 366.904 1628.42 376.018 1252.41 584.502 696.995 216.22 382.942 729.539 923.256 402.938 390.861 35.7686 181.397 145.452 5.59744 357.588
internal_count=60933 41421 26560 19512 16356 10204 12809 9999 10423 6357 9460 14861 4650 1511 6703 1533 5170 2431 5554 963 3647 7271 13422 1662 1612 149 1439 1106 43 1469
is_linear=0
shrinkage=0.05


Tree=33
num_leaves=31
num_cat=0
split_feature=6 0 7 0 10 2 1 11 1 6 5 2 9 1 0 0 11 9 0 10 2 0 2 9 2 10 2 9 2 9
split_gain=402.191 85.4297 51.432 32.2249 25.2152 20.4277 17.4858 16.993 23.4824 12.6649 11.2453 11.153 10.842 10.7694 9.07218 8.79336 11.0215 8.60996 8.58006 8.43718 10.2181 8.2959 8.06995 16.8238 8.05289 7.75065 7.70091 10.3919 11.269 10.1625
threshold=1.0000000180025095e-35 0.6082915000000001 0.85239650000000011 0.49563750000000006 0.39165000000000005 0.6492500000000001 0.94199650000000013 0.94500000000000017 0.9058655000000001 0.53137250000000014 0.41666650000000005 0.94555000000000011 0.44365000000000004 0.81591550000000013 0.61012850000000018 0.65997900000000009 0.94500000000000017 0.39185000000000009 0.46437500000000004 0.41605000000000009 0.22835000000000003 0.45512150000000001 0.7420500000000001 0.53965000000000007 0.34715000000000007 0.44645000000000007 0.95445000000000013 0.37305000000000005 0.68525000000000014 0.40085000000000004
decision_type=2 2 2 2 2 2 2 2 2 2 2 2 2 2 2 2 2 2 2 2 2 2 2 2 2 2 2 2 2 2
left_child=1 3 4 17 10 9 11 8 26 -6 -2 14 -7 24 -4 16 -3 -1 -15 20 -9 -11 -22 -24 -12 -8 27 28 -5 -28
right_child=2 15 6 7 5 12 25 19 -10 21 13 -13 -14 18 -16 -17 -18 -19 -20 -21 22 -23 23 -25 -26 -27 29 -29 -30 -31
leaf_value=-0.036534459495767557 0.039432597587463619 -0.036301933983779483 0.0069118007389134322 -0.0012053270239779311 -0.0026374315220542201 -0.0064943481445811488 -0.010735262613771619 -0.022125977969641438 -0.027848686882833807 0.02335302838288654 0.032252297973766213 -0.0052530913457620549 0.01335058377495342 0.020667278184286417 -0.0051458638168148975 -0.034238470894287269 -0.019748120572437789 0.0059197486668444424 0.012189561574046829 -0.017854246429728739 0.0044861033108539129 -0.043166850027337139 -9.7565370792877256e-05 -0.024946863609780174 0.0030744694875026206 -0.053231672301084276 -0.029401305398140572 -0.010875800717366192 0.045145283460493894 -0.01000450270322535
leaf_weight=12.337219864130018 53.313726127147675 129.35401305183768 1229.0234223231673 72.542768251150846 485.8235055282712 73.690743818879128 147.06419394165277 66.070600979030132 264.07087591663003 72.911865338683128 26.603880777955055 298.90198439359665 1042.531929910183 891.68585056066513 178.6801750510931 278.66005032882094 451.56228263676167 373.3856103271246 448.59850369393826 117.20263136178255 302.82304204255342 5.0090641230344763 258.03540136665106 92.542423777282238 212.80265299975872 11.573732815682886 122.14858117699623 802.35126606747508 16.006881892681122 151.00961853191257
leaf_count=85 237 2031 5739 749 2199 365 1028 542 3289 308 113 1530 4481 3651 1302 4631 6232 2047 1888 1027 2328 22 2066 715 881 107 1384 8219 155 1582
internal_value=-0.000173185 -0.0132394 0.00868384 -0.00879723 0.0124228 0.00812218 0.00204278 -0.0110724 -0.0143874 0.000363926 0.0168472 0.00351876 0.0120405 0.0160849 0.00538132 -0.0269368 -0.0234342 0.00456186 0.0178298 -0.00541401 -0.00338749 0.0190769 -0.00149269 -0.00665706 0.00631683 -0.0138357 -0.0113337 -0.00908183 0.00717335 -0.0186782
internal_weight=8688.32 3510.1 5178.22 2650.53 3312.97 1679.97 1865.24 2264.8 1428.13 563.744 1633 1706.61 1116.22 1579.69 1407.7 859.576 580.916 385.723 1340.28 836.674 719.471 77.9209 653.401 350.578 239.407 158.638 1164.06 890.901 88.5497 273.158
internal_count=60933 37082 23851 24188 14145 7375 9706 22056 15378 2529 6770 8571 4846 6533 7041 12894 8263 2132 5539 6678 5651 330 5109 2781 994 1135 12089 9123 904 2966
is_linear=0
shrinkage=0.05


Tree=34
num_leaves=31
num_cat=0
split_feature=6 0 6 0 0 11 11 1 8 2 6 2 10 1 1 9 10 10 9 9 1 8 0 2 10 9 1 0 9 10
split_gain=365.747 82.6337 46.11 30.26 25.3282 23.3952 16.7877 22.1847 14.3609 11.5149 11.443 10.8286 10.5059 10.4426 9.37129 9.19427 8.93897 8.16317 7.96246 7.90063 7.56149 7.53781 14.773 14.6301 12.1576 13.7336 9.66266 8.0582 9.12472 7.8064
threshold=0.035098500000000012 0.6082915000000001 0.25290700000000005 0.49563750000000006 0.56282700000000008 0.81000000000000016 0.94500000000000017 0.9058655000000001 1.0000000180025095e-35 0.14465000000000003 0.54006450000000006 0.53275000000000017 0.44645000000000007 0.88492850000000012 0.93497450000000015 0.50665000000000016 0.41695000000000004 0.37195000000000006 0.39185000000000009 0.37875000000000009 0.76849350000000005 1.0000000180025095e-35 0.52652700000000008 0.25610000000000005 0.40205000000000007 0.54935000000000012 0.8363735000000001 0.60485200000000006 0.47055000000000008 0.38685000000000008
decision_type=2 2 2 2 2 2 2 2 2 2 2 2 2 2 2 2 2 2 2 2 2 2 2 2 2 2 2 2 2 2
left_child=1 3 4 18 13 8 7 21 9 -4 14 -6 19 -2 -7 -11 -3 -10 -1 -13 -17 24 -23 -24 26 -26 -5 -28 29 -29
right_child=2 16 5 6 11 10 -8 -9 17 15 -12 12 -14 -15 -16 20 -18 -19 -20 -21 -22 22 23 -25 25 -27 27 28 -30 -31
leaf_value=-0.035563138436195192 0.010548775740320565 -0.022659857309236042 0.056155239536470891 0.014374201024898973 -0.013471564662210531 0.016406034693183441 -0.0049767206603451922 -0.027081896206191655 0.0050540221852373168 -0.0057666332145374253 0.030343945027460156 0.06521020995959291 -0.041360524911637456 0.003987721688259188 -0.015435209728961723 -0.02715435050791682 -0.03368890112694662 -0.032789498841952779 0.005713750645602934 0.00080148908789473409 0.017676511223208471 -0.0095184464283676745 0.020403754215620837 -0.028727896569635997 0.0064194852210602898 0.075834562224949165 -0.014315802243546 0.18296841789551868 -0.054012596404804929 0.028187966508048834
leaf_weight=12.047911763191221 1286.9634148925543 583.09834177047014 11.639885038137434 37.963907703757286 178.12595155090094 1336.880096912384 862.23764215409756 258.12366889789701 22.150577947497368 105.25740419328213 151.45680785179138 4.795015037059783 14.776069231331347 1146.924749687314 23.514293357729912 10.212204441428183 268.2298641577363 39.952437490224838 386.28153550624847 674.22249166667461 119.10474866628647 625.70937999337912 16.444350093603134 192.77271297946572 49.91839188337326 8.3119749054312688 217.98663943260908 1.4741395115852349 1.4245636686682699 1.8208469599485395
leaf_count=85 5402 8721 49 394 1185 5521 6854 3289 92 475 661 37 133 5199 110 42 4296 178 2101 3920 494 5854 184 2539 583 87 2381 20 21 26
internal_value=-0.000168365 -0.0125688 0.0083563 -0.00824736 0.00483748 0.0147472 -0.010474 -0.013831 0.00219462 0.00761414 0.0173071 -0.00247467 0.000348692 0.007457 0.0158557 0.00520547 -0.0261348 -0.0192917 0.00446529 0.00125632 0.0141362 -0.0108667 -0.0133643 -0.0248662 -0.00432757 0.016328 -0.00894176 -0.0129163 0.0517216 0.097435
internal_weight=8649.82 3523.85 5125.98 2672.52 3305.81 1820.17 2274.19 1411.95 308.317 246.214 1511.85 871.92 693.794 2433.89 1360.39 234.574 851.328 62.103 398.329 679.018 129.317 1153.83 834.926 209.217 318.9 58.2304 260.67 222.706 4.71955 3.29499
internal_count=60933 37435 23498 24418 15876 7622 22232 15378 1330 1060 6292 5275 4090 10601 5631 1011 13017 270 2186 3957 536 12089 8577 2723 3512 670 2842 2448 67 46
is_linear=0
shrinkage=0.05


Tree=35
num_leaves=31
num_cat=0
split_feature=6 0 11 0 0 0 1 1 11 10 1 0 11 6 8 2 1 6 0 10 8 2 9 2 2 9 8 10 9 2
split_gain=333.826 84.8198 34.5429 29.9651 22.5413 16.6431 15.6949 15.0196 14.3027 12.7408 12.2921 12.292 14.0638 12.1198 11.4037 11.2705 10.0309 9.86167 9.32947 9.11692 9.08838 14.0347 11.1676 14.4528 8.98625 8.97956 8.67178 8.5902 14.7613 23.9681
threshold=0.084523500000000015 0.60565550000000012 0.94500000000000017 0.4373820000000001 0.52652700000000008 0.54799150000000008 0.88163550000000013 0.92011500000000013 0.94500000000000017 0.42775000000000007 0.88124550000000001 0.65997900000000009 0.94500000000000017 0.29814800000000002 1.0000000180025095e-35 0.25610000000000005 0.96164150000000015 0.32200500000000004 0.46807400000000005 0.38225000000000003 1.0000000180025095e-35 0.49285000000000007 0.57225000000000015 0.53275000000000017 0.27025000000000005 0.64415000000000011 1.0000000180025095e-35 0.40295000000000009 0.41195000000000004 0.6744500000000001
decision_type=2 2 2 2 2 2 2 2 2 2 2 2 2 2 2 2 2 2 2 2 2 2 2 2 2 2 2 2 2 2
left_child=1 2 4 20 9 16 10 8 26 18 14 12 -3 -10 27 19 -4 -15 -1 -16 22 -22 -2 -24 -7 -23 -5 -6 -29 -30
right_child=3 11 5 7 6 24 -8 -9 13 -11 -12 -13 -14 17 15 -17 -18 -19 -20 -21 21 25 23 -25 -26 -27 -28 28 29 -31
leaf_value=0.011825623954519929 0.012486490788074732 -0.033345310523143067 0.0041406923633212044 0.00048729044747240893 -0.0069230710993481636 -0.025161635654171888 -0.027500102241964267 -0.0022045218532433832 0.007399083038458658 -0.022244705552463988 0.096191790975400635 -0.030820308263296889 -0.015634363547161311 0.032396070389027143 -0.012067035218137985 -0.025803894935305816 -0.050127071228224865 0.012910504733094227 -0.0063565172471360719 0.084474007151602137 -0.02185526285122651 0.014035391011602193 0.033809780151645381 0.016697480968758494 -0.0049839648012192928 -0.011788285432839503 -0.024971900303263905 -0.037525180583504222 0.014527508413889174 0.16196457718856214
leaf_weight=77.370168969035149 666.34678806364536 138.69243548810482 874.33839114010334 174.82683782279491 128.70396884903312 60.481685288250446 288.36741827428341 438.27259649336338 1776.452839910984 118.12866415828466 2.6453631445765486 318.54914855957031 584.33108263462782 84.195556029677391 5.7170984745025617 135.30184609815478 8.5989551991224271 283.81527934968472 800.54836590588093 4.2734332233667374 35.587423175573349 301.31250201165676 178.55081415176392 399.39307241141796 629.41013484448195 37.897480055689812 41.359958246350288 5.7831905409693745 9.2938561365008336 3.9188062474131575
leaf_count=455 2739 2272 4592 773 1505 565 3904 2386 7949 1261 33 5143 7446 344 62 1794 58 1167 7066 46 149 1228 769 1662 4989 156 190 73 108 49
internal_value=-0.000163696 -0.0102665 -0.00617982 0.0094279 -0.0114014 -0.000934272 -0.0192007 0.00629603 0.00787422 -0.00682848 -0.0111054 -0.0226371 -0.0190317 0.00910994 -0.0120741 -0.0220198 0.00361218 0.0173685 -0.00475414 0.0292282 0.014842 0.00801638 0.0168979 0.0219842 -0.00675291 0.0111503 -0.00438346 -0.00229058 0.0290963 0.0582566
internal_weight=8612.47 4194.45 3152.88 4418.01 1580.05 1572.83 584.005 2798.92 2360.65 996.047 295.638 1041.57 723.024 2144.46 292.992 145.292 882.937 368.011 877.919 9.99053 1619.09 374.797 1244.29 577.944 689.892 339.21 216.187 147.7 18.9959 13.2127
internal_count=60933 41421 26560 19512 16356 10204 7574 12809 10423 8782 3670 14861 9718 9460 3637 1902 4650 1511 7521 108 6703 1533 5170 2431 5554 1384 963 1735 230 157
is_linear=0
shrinkage=0.05


Tree=36
num_leaves=31
num_cat=0
split_feature=6 0 0 11 0 10 0 0 1 2 9 10 10 2 0 9 2 2 1 9 2 1 10 8 1 1 10 6 2 2
split_gain=304.109 72.7286 39.4342 24.5829 18.5573 14.8098 13.8061 13.411 12.0739 10.5521 14.8219 10.4086 10.3881 9.3104 10.5931 9.23776 9.13387 21.1303 16.444 9.69414 9.11593 10.715 9.16849 8.70267 8.68188 16.8426 20.6593 9.80145 8.92067 8.47309
threshold=1.0000000180025095e-35 0.58179300000000012 0.49878850000000002 0.65000000000000002 0.54203950000000012 0.41695000000000004 0.63904900000000009 0.35448650000000009 0.93576800000000004 0.18995000000000004 0.56345000000000012 0.42775000000000007 0.42495000000000005 0.84775000000000011 0.44365150000000003 0.56755000000000011 0.70345000000000013 0.95065000000000011 0.87862200000000013 0.34110000000000007 0.27025000000000005 0.84019350000000015 0.40035000000000004 1.0000000180025095e-35 0.82772600000000007 0.86040700000000003 0.38145000000000007 0.62731500000000018 0.21405000000000005 0.48745000000000005
decision_type=2 2 2 2 2 2 2 2 2 2 2 2 2 2 2 2 2 2 2 2 2 2 2 2 2 2 2 2 2 2
left_child=1 3 7 4 11 -3 29 12 24 10 -6 16 -2 14 15 -5 -1 18 -18 -20 21 -16 -23 -21 -9 26 -26 28 -28 -4
right_child=2 5 6 13 9 -7 -8 8 -10 -11 -12 -13 -14 -15 20 -17 17 -19 19 23 -22 22 -24 -25 25 -27 27 -29 -30 -31
leaf_value=-0.010843485876317855 0.02182096088187636 -0.018409314296927781 -0.0038446358259132682 0.012197639134987868 -0.0065031301910904588 -0.031015997252101642 -0.011324602945055351 0.0025543555804578241 -0.016152023288061989 -0.0270369173819715 0.11815748639343873 -0.021956808311854748 -0.010876827898493922 -0.0081403911588457858 0.040663271237221285 0.070489024770432895 0.025131391591417432 -0.012273330700624569 0.069079593804322506 0.013097401663226982 0.0037341958907550106 -0.026489197215960249 0.0031461970441290866 -0.020003993817840734 0.02407935257292728 0.0085502256195453593 0.054976038350419192 0.030813550915078137 -0.00086860952809190712 0.004944060299558739
leaf_weight=461.80960856378078 374.36685967445374 847.87510789558291 328.28030817210674 21.276602134108547 29.986342012882233 321.22430525720119 170.54418611526489 315.94346924126148 43.82456186413765 225.07777959108353 2.5904237627983084 118.36553137004375 25.976192057132721 299.60825726389885 9.1496698558330518 9.9869885593652707 101.39355823397636 188.10126656293869 4.2933196797966948 31.283075600862503 563.77643926441669 71.067000202834606 41.245464481413364 54.361087091267109 456.6143963187933 1566.6387632936239 7.4380188435316077 32.897529751062393 185.40275311470032 1665.9900655224919
leaf_count=4236 1606 12252 1727 93 375 5143 1430 1300 200 3095 29 1305 106 2163 61 44 818 1773 37 275 3980 522 335 546 1868 6537 31 137 760 8149
internal_value=-0.000159113 -0.0117695 0.00747608 -0.00648049 -0.0112732 -0.0218732 0.00232966 0.0111785 0.00987091 -0.0231874 0.00340957 -0.0080743 0.0196994 -0.00073896 0.00235598 0.0308185 -0.00612098 -0.000373186 0.0113261 -0.00423773 0.00105739 -0.0113672 -0.0156059 -0.00791311 0.0103155 0.0114058 0.0179622 0.00558859 0.00128536 0.00349734
internal_weight=8576.39 3402.47 5173.92 2233.37 1217.26 1169.1 2164.81 3009.1 2608.76 257.655 32.5768 959.607 400.343 1016.11 716.502 31.2636 841.242 379.432 191.331 89.9375 685.239 121.462 112.312 85.6442 2564.93 2248.99 682.353 225.738 192.841 1994.27
internal_count=60933 37082 23851 19687 12489 17395 11306 12545 10833 3499 404 8990 1712 7198 5035 137 7685 3449 1676 858 4898 918 857 821 10633 9333 2796 928 791 9876
is_linear=0
shrinkage=0.05


Tree=37
num_leaves=31
num_cat=0
split_feature=6 0 11 9 0 1 6 1 0 8 11 9 10 8 10 6 0 7 10 2 1 0 1 10 2 9 9 2 9 10
split_gain=277.286 75.0483 30.9904 25.6172 22.8717 21.0322 16.2713 15.6594 14.6441 13.5465 13.3269 14.5849 12.9715 12.6978 11.0094 10.7215 10.5055 10.0322 9.68153 9.41395 9.22595 9.16559 8.80342 10.1581 9.88715 8.71322 8.66254 8.56825 14.3456 8.5201
threshold=0.084523500000000015 0.6118340000000001 0.94500000000000017 0.48995000000000005 0.52652700000000008 0.92413450000000019 0.24695100000000003 0.88163550000000013 0.54799150000000008 1.0000000180025095e-35 0.94500000000000017 0.53965000000000007 0.39255000000000007 1.0000000180025095e-35 0.42775000000000007 0.69615400000000005 0.29514450000000009 0.95293450000000013 0.41575000000000006 0.25610000000000005 0.96164150000000015 0.67289250000000012 0.77585900000000019 0.37855000000000005 0.70925000000000016 0.39005000000000006 0.52785000000000015 0.18995000000000004 0.40255000000000007 0.40275000000000005
decision_type=2 2 2 2 2 2 2 2 2 2 2 2 2 2 2 2 2 2 2 2 2 2 2 2 2 2 2 2 2 2
left_child=1 2 4 -2 14 6 -5 13 20 15 -11 12 -12 29 -1 16 -8 21 27 -15 -4 25 -18 -24 -25 -3 -26 28 -19 -6
right_child=3 17 8 5 7 -7 9 -9 -10 10 11 -13 -14 19 -16 -17 22 18 -20 -21 -22 -23 23 24 26 -27 -28 -29 -30 -31
leaf_value=-0.0042852368288507177 0.0010969096547197806 0.086696539378241011 0.0037781946176173513 0.0076685043327637094 -0.0051112253549339577 -0.0083898522058257971 0.035512183179657049 -0.026733466473490838 -0.0062087430177434231 -0.013075673785407266 0.061292237954624976 0.0050500483270710418 0.016743721589708545 0.024651590380652986 -0.020801930193222653 0.032997120707917563 -0.0144391089795366 0.14297370568021858 -0.032029686029291848 -0.024340097834462868 -0.049123811003958386 -0.036133458194893268 0.021823378451949777 0.0059844775608186226 0.031216081759586047 -0.0042398372741604016 0.013432899613146318 -0.021920629445054123 -0.0032486111509009465 0.029394925768174159
leaf_weight=870.99161648750305 913.98015779256821 2.712076097726821 876.39338749647141 1612.6015127003193 132.35434252396226 141.45801116526127 64.177173957228661 297.26145877689123 752.22924648225307 70.605452880263329 22.85047747194767 260.37165498733521 57.356097400188446 10.544816143810747 114.11010245978832 97.940111398696899 25.296975538134575 1.7782207764685178 265.54966605454683 139.84209147468209 8.3197453096508962 24.17214385420084 399.28800585865974 360.63678477704525 88.571789979934692 91.696891114115715 301.8923761099577 487.40461229905486 29.579516187310219 20.685050114989281
leaf_count=7521 4532 19 4592 6989 1586 710 287 4218 6304 301 93 1065 235 113 1261 428 105 27 4508 1952 58 232 1661 1510 363 690 1233 7649 441 250
internal_value=-0.000154454 -0.00947535 -0.0059059 0.00855152 -0.0108875 0.0104965 0.0112913 -0.0185772 -0.00108001 0.0146315 0.0066943 0.0107928 0.0294354 -0.0105867 -0.00619846 0.0170711 0.015813 -0.0222159 -0.0242653 -0.0209049 0.00328071 -0.00866137 0.0147377 0.0153793 0.0119536 -0.00162752 0.0174668 -0.0202907 0.0050433 -0.000447319
internal_weight=8542.65 4125.62 3222.73 4417.03 1585.79 3503.05 3361.59 600.688 1636.94 1748.99 411.184 340.578 80.2066 303.426 985.102 1337.8 1239.86 902.893 784.312 150.387 884.713 118.581 1175.69 1150.39 751.101 94.409 390.464 518.762 31.3577 153.039
internal_count=60933 41421 27855 19512 16901 14980 14270 8119 10954 7281 1694 1393 328 3901 8782 5587 5159 13566 12625 2065 4650 941 4872 4767 3106 709 1596 8117 468 1836
is_linear=0
shrinkage=0.05


Tree=38
num_leaves=31
num_cat=0
split_feature=6 0 7 0 10 2 10 11 1 8 2 2 2 6 11 6 1 10 1 10 10 10 10 6 10 2 2 2 9 9
split_gain=251.943 64.4158 34.1533 23.3944 18.3872 18.5071 13.842 13.1841 19.1916 11.8413 13.9896 13.1471 10.7457 9.28198 9.2723 11.7396 9.27632 9.06064 11.1854 14.3409 8.97083 8.45492 8.44546 8.13684 7.7289 10.0829 8.74404 7.69053 7.63995 7.45673
threshold=1.0000000180025095e-35 0.61565050000000021 0.85239650000000011 0.49563750000000006 0.39165000000000005 0.60135000000000016 0.43105000000000004 0.94500000000000017 0.9058655000000001 1.0000000180025095e-35 0.34715000000000007 0.47215000000000007 0.94555000000000011 0.35389000000000009 0.49000000000000005 0.54006450000000006 0.81381700000000012 0.40095000000000008 0.88361050000000008 0.41105000000000008 0.43945000000000006 0.41695000000000004 0.44805000000000006 0.19399600000000003 0.41455000000000003 0.22835000000000003 0.8519500000000001 0.18995000000000004 0.53365000000000007 0.64030000000000009
decision_type=2 2 2 2 2 2 2 2 2 2 2 2 2 2 2 2 2 2 2 2 2 2 2 2 2 2 2 2 2 2
left_child=1 3 4 -1 14 9 12 8 -5 10 13 -11 -4 17 -2 16 23 -6 19 -19 -12 27 -7 29 25 -9 -27 -3 -28 -16
right_child=2 21 6 7 5 22 -8 24 -10 11 20 -13 -14 -15 15 -17 -18 18 -20 -21 -22 -23 -24 -25 -26 26 28 -29 -30 -31
leaf_value=0.0040061086251188529 -0.012647086081100593 0.0044742235835961474 0.0040265453120167634 -0.0095521219417374851 -0.019982624107486524 0.0099321051460240836 -0.020089748624534973 -0.020817304676322135 -0.024766402733308587 -0.046757462030595415 -0.0082857172401515824 0.0048599619386842869 -0.0060720473440610927 0.028481241210640114 -0.0066196164412860112 0.029962403764897828 0.014485511374548905 0.0091864574123942788 0.0015615037128705138 0.10867917078473043 0.023615341136786476 -0.032742332902844389 -0.034145487515565127 0.0063316170663944423 -0.015043465903498716 0.0035416946243401227 -0.0026770956527625506 -0.022443129576705301 -0.022871492409696881 -0.070036334631827374
leaf_weight=387.08377427607775 32.924589663743973 28.281881734728813 1473.1165498271585 1139.691913343966 29.018775939941406 1179.6884059011936 72.324888788163662 67.683565102517605 253.35272991284728 29.167680568993092 269.95944963395596 21.37731409072876 320.78589604049921 59.322797700762749 14.947499081492426 109.44042553007603 1295.0427279621363 8.4608990848064405 44.292716957628727 6.3327899128198615 23.996404275298119 218.08048740029335 10.968486629426478 162.72889104485512 145.34643530100584 441.10443590581417 161.78363160789013 429.79685074090958 65.917260311543941 6.7189149260520926
leaf_count=2132 136 429 7446 12520 131 5092 579 599 3502 147 1200 94 1681 257 62 499 5368 37 221 28 103 3946 65 677 1393 3530 1385 7098 548 28
internal_value=-0.000149682 -0.0108577 0.00676335 -0.00735712 0.00981723 0.00615545 0.00135608 -0.00929064 -0.0123191 -0.00200271 0.000622412 -0.0249266 0.00222071 0.0131918 0.0136163 0.0141605 0.0129915 0.00289722 0.0141341 0.0517767 -0.00568155 -0.024639 0.00952606 0.0024991 -0.00450649 -0.00242701 -0.000565903 -0.0207812 -0.00852318 -0.0262856
internal_weight=8508.74 3338.12 5170.62 2661.96 3304.39 1682.59 1866.23 2274.88 1393.04 491.929 441.384 50.545 1793.9 147.428 1621.8 1588.88 1479.44 88.1052 59.0864 14.7937 293.956 676.159 1190.66 184.395 881.835 736.489 668.805 458.079 227.701 21.6664
internal_count=60933 37082 23851 25609 14145 7375 9706 23477 16022 2218 1977 241 9127 674 6770 6634 6135 417 286 65 1303 11473 5157 767 7455 6062 5463 7527 1933 90
is_linear=0
shrinkage=0.05


Tree=39
num_leaves=31
num_cat=0
split_feature=6 0 11 0 1 0 8 0 2 11 6 10 0 0 11 1 10 11 0 10 1 1 10 0 0 9 1 8 2 2
split_gain=229.204 65.9795 24.1804 22.3443 19.877 12.9334 12.5119 12.5805 12.3879 11.7599 14.9809 12.4527 11.1375 10.8561 14.8384 9.3836 13.3971 10.4936 8.70073 9.1862 8.39538 8.55865 8.253 8.90679 8.14887 9.15608 8.00239 8.29996 11.5258 10.0189
threshold=0.084523500000000015 0.6082915000000001 0.94500000000000017 0.4373820000000001 0.9058655000000001 0.54799150000000008 1.0000000180025095e-35 0.52652700000000008 0.25610000000000005 0.94500000000000017 0.22361100000000003 0.43385000000000007 0.45512150000000001 0.65997900000000009 0.94500000000000017 0.84296150000000014 0.40205000000000007 0.49000000000000005 0.60485200000000006 0.38475000000000004 0.96164150000000015 0.82625850000000012 0.35125000000000006 0.58075300000000019 0.55920500000000006 0.38510000000000005 0.91691850000000008 1.0000000180025095e-35 0.49285000000000007 0.38905000000000006
decision_type=2 2 2 2 2 2 2 2 2 2 2 2 2 2 2 2 2 2 2 2 2 2 2 2 2 2 2 2 2 2
left_child=1 2 4 26 6 20 15 -8 -9 -5 11 -11 -6 14 -3 17 18 -1 -17 -20 21 -4 23 -7 25 -18 27 29 -29 -2
right_child=3 13 5 9 12 22 7 8 -10 10 -12 -13 -14 -15 -16 16 24 -19 19 -21 -22 -23 -24 -25 -26 -27 -28 28 -30 -31
leaf_value=-0.0033640593668915718 0.026140963057713448 -0.033212854442151267 -0.015800071385098601 -0.0057084865845280349 0.055392092631907024 0.052976119929874221 -0.0073541867175929117 0.019356159805966403 -0.025773506148170727 0.0042347482968807431 0.011807799751004691 -0.02042281993960679 -0.023612970321337096 -0.028409548088913578 -0.013213119328474269 -0.0098498214235917154 -0.056804468353738383 0.03084336628073189 0.15281202759204604 0.0032474414998820847 -0.047953463002184241 0.0048192408750973295 -0.0067700071538735924 -0.034032856701400049 -0.0098907112521693773 0.035794656663403 -0.0080417721693266681 -0.020967856188004484 0.0093157497385138437 0.013166515580264158
leaf_weight=43.570528730750084 173.98630991578102 112.75677357986569 53.599852621555328 232.87250265479088 4.5393468737602225 11.318088524043558 662.78589798510075 16.644633002579212 175.91638195514679 1742.3427278250456 780.45099987834692 52.754075698554516 257.98682284355164 292.09511854872108 522.48916662111878 268.33086429536343 2.8647582232952109 46.183514948934317 1.6862613447010506 2.6245145797729492 7.9812354743480673 824.08256989717484 693.00181701034307 3.9739890024065962 19.114622849971056 39.17373438924551 46.292079627513885 34.796236291527748 323.73325444757938 1027.5785051137209
leaf_count=405 754 2031 264 1043 26 78 6208 184 2539 8117 3277 372 3429 5143 7132 2689 30 406 22 40 58 4328 5754 36 265 354 193 146 1326 4284
internal_value=-0.000144921 -0.00871519 -0.00524989 0.00774186 -0.00971502 -0.000931921 -0.00714254 -0.0106227 -0.0218726 0.00505161 0.00602451 0.00351011 -0.0222469 -0.0204315 -0.0167631 -0.000114518 -0.00397365 0.0142376 -0.0087177 0.0617531 0.00309581 0.00356002 -0.00596826 0.0303649 0.0171769 0.0294844 0.0124452 0.0130531 0.00637665 0.0150452
internal_weight=8477.53 4062.72 3135.38 4414.81 1541.42 1593.96 1278.9 855.347 192.561 2808.42 2575.55 1795.1 262.526 927.341 635.246 423.549 333.795 89.754 272.642 4.31078 885.664 877.682 708.294 15.2921 61.1531 42.0385 1606.39 1560.09 358.529 1201.56
internal_count=60933 41421 27115 19512 16597 10518 13142 8931 2723 12809 11766 8489 3455 14306 9163 4211 3400 811 2751 62 4650 4592 5868 114 649 384 6703 6510 1472 5038
is_linear=0
shrinkage=0.05


Tree=40
num_leaves=31
num_cat=0
split_feature=6 0 6 8 11 0 1 2 11 2 10 8 2 6 10 9 9 1 1 8 2 2 9 10 10 9 8 9 1 1
split_gain=209.248 58.0105 29.1942 18.9621 17.7076 17.3959 16.7186 15.4402 13.8447 18.0357 13.1565 10.3134 10.0799 9.35269 9.15273 8.99318 9.14641 8.92893 7.73412 7.70916 7.96985 15.2568 17.8668 7.47686 7.40385 8.28735 9.99906 10.6313 7.36932 7.34099
threshold=1.0000000180025095e-35 0.56046800000000008 0.25290700000000005 1.0000000180025095e-35 0.81000000000000016 0.65997900000000009 0.88492850000000012 0.47705000000000003 0.94500000000000017 0.31035000000000007 0.44485000000000002 1.0000000180025095e-35 0.08790000000000002 0.54006450000000006 0.40805000000000008 0.59465000000000012 0.45485000000000003 0.85864050000000014 0.90415950000000012 1.0000000180025095e-35 0.6744500000000001 0.81025000000000014 0.51945000000000008 0.37195000000000006 0.41225000000000006 0.43955000000000005 1.0000000180025095e-35 0.38785000000000008 0.9797975000000001 0.93052050000000019
decision_type=2 2 2 2 2 2 2 2 2 2 2 2 2 2 2 2 2 2 2 2 2 2 2 2 2 2 2 2 2 2
left_child=1 3 6 29 11 8 15 -8 9 18 -9 12 -4 -6 -5 16 -2 19 -3 20 -11 22 -22 -13 -10 26 -26 -28 -20 -1
right_child=2 5 4 14 13 -7 7 10 24 17 -12 23 -14 -15 -16 -17 -18 -19 28 -21 21 -23 -24 -25 25 -27 27 -29 -30 -31
leaf_value=0.0023737660544619101 -0.014102474650092085 0.01282282013395126 0.076701784621076741 -0.0064377832275589846 0.012200501813537682 -0.029998199006323462 -0.012213038488009181 0.0023857713563706293 -0.0081460008000733206 -0.018122808509450122 -0.036885732162790875 0.0052592153824269523 0.003469534069725372 0.025512503900547573 -0.018221346479110719 1.2259868793040696e-05 0.010099421052602678 -0.03238922713737738 -0.029381287768905813 -0.024126589373793732 0.25918862117666508 0.003154244172755131 0.033839554319750748 -0.031102283078667282 -0.016058685775365827 -0.028308353627668981 -0.0435993643320935 0.041081637126506795 0.08882075987534313 -0.013954789734062188
leaf_weight=830.7094219699502 40.409454442560673 45.100725211203098 4.7923700958490363 721.01712324097753 1352.3314072191715 234.33411738649011 221.71922485530376 1591.0236671715975 559.75891102850437 15.214660514146091 21.616480454802513 22.085438221693039 240.72461298108101 146.20934253931046 213.61544244736433 335.6576871573925 1150.59475004673 245.09639983996749 22.37867030501366 61.250908032059669 1.4361974969506257 10.488662760704754 2.2695089727640152 39.285557791590691 105.09604707732797 115.32496234029531 4.8049915619194534 16.211319260299206 1.4011746495962132 75.052231833338737
leaf_count=6021 202 575 20 6650 5631 4631 1267 8069 6798 215 186 92 1040 661 2439 1431 5074 4190 332 1009 21 154 32 178 1488 1579 74 231 21 622
internal_value=-0.000140625 -0.0100164 0.00613023 -0.00413473 0.0112585 -0.0175326 0.00337552 0.000158428 -0.0151101 -0.022649 0.00185936 0.000316295 0.00489899 0.0134993 -0.00913098 0.00724102 0.00927828 -0.0274302 0.000657046 -0.0140236 0.00701814 0.0339662 0.121177 -0.018017 -0.0113027 -0.0186213 -0.00976281 0.0217209 -0.0224165 0.00102077
internal_weight=8447.01 3280.56 5166.45 1840.39 1805.43 1440.17 3361.02 1834.36 1205.83 404.637 1612.64 306.888 245.517 1498.54 934.633 1526.66 1191 335.756 68.8806 90.6599 29.409 14.1944 3.70571 61.371 801.196 241.437 126.112 21.0163 23.7798 905.762
internal_count=60933 37082 23851 15732 7622 21350 16229 9522 16719 6549 8255 1330 1060 6292 9089 6707 5276 5621 928 1431 422 207 53 270 10170 3372 1793 305 353 6643
is_linear=0
shrinkage=0.05


Tree=41
num_leaves=31
num_cat=0
split_feature=6 0 11 1 9 1 0 9 6 8 9 0 6 11 10 0 0 7 9 10 0 10 2 9 11 11 9 1 10 2
split_gain=190.248 58.6087 22.2371 19.3854 19.3094 17.509 14.2601 13.896 11.988 11.2695 11.5426 10.5953 9.75162 9.55516 9.64905 9.53056 9.04288 9.97616 8.78637 11.7882 9.58607 8.08828 8.29025 11.9249 9.63253 7.93545 7.92887 7.83763 8.90602 8.71914
threshold=0.084523500000000015 0.6118340000000001 0.94500000000000017 0.88204450000000012 0.48995000000000005 0.92413450000000019 0.5531775000000001 0.53695000000000015 0.24695100000000003 1.0000000180025095e-35 0.62515000000000009 0.54799150000000008 0.69615400000000005 0.94500000000000017 0.37045000000000006 0.29514450000000009 0.68340750000000006 0.95293450000000013 0.53965000000000007 0.39255000000000007 0.40517750000000002 0.41575000000000006 0.18995000000000004 0.40255000000000007 0.94500000000000017 0.94500000000000017 0.49775000000000008 0.77585900000000019 0.37855000000000005 0.70925000000000016
decision_type=2 2 2 2 2 2 2 2 2 2 2 2 2 2 2 2 2 2 2 2 2 2 2 2 2 2 2 2 2 2
left_child=1 2 3 7 25 8 -5 -1 -6 12 13 -4 15 14 -11 -10 17 -3 19 -15 -20 22 23 -19 -24 -2 -7 -17 -29 -30
right_child=4 16 11 6 5 26 -8 -9 9 10 -12 -13 -14 18 -16 27 -18 21 20 -21 -22 -23 24 -25 -26 -27 -28 28 29 -31
leaf_value=-0.00902615694480393 -0.0098879264579585461 -0.0030657163147672691 0.0028559723856197276 -0.010974685946040674 0.0063462553727570139 0.016876656958711295 -0.028137020468072756 0.0037607458771375512 0.032401259482072481 0.033538443862539256 -0.012227990981111134 -0.0052450692775327552 0.029925751384445379 0.057184167509312739 -0.02339190808108332 -0.015211911257948877 -0.032571211361525611 0.13105845280095271 0.01861751143530049 0.014568607290837749 -0.0030344005894215229 -0.028542316777055401 -0.035255458250376612 0.0011208836227491199 -0.014599730716863641 0.0026354546442143578 -0.014033677859914634 0.019030811482509867 0.0041463785004803222 0.014941254216166079
leaf_weight=692.67358495667577 151.58140723407269 100.99066215753555 887.14325986802578 351.04025806114078 1617.0308910533786 25.256425447762012 184.72637087851763 306.47933225333691 62.443817332386971 9.3196541965007764 78.008432686328888 740.53280158340931 95.84678041934967 22.62840573489666 36.957922056317329 25.231357261538506 117.98904979601502 1.8879888802766824 96.014698877930641 57.366977691650391 109.32700558006763 192.05945527553558 67.851536683738232 27.268928170204163 335.64217065647244 764.2761192843318 116.18313539773226 395.51164197921753 359.90621402859688 389.49786484241486
leaf_count=7468 700 786 4650 3647 6989 135 3023 2763 287 39 323 6304 428 93 162 105 2195 26 398 235 444 3483 1299 413 5364 3832 575 1661 1510 1596
internal_value=-0.000136564 -0.00802469 -0.00490113 -0.00921859 0.00702556 0.00871839 -0.0168921 -0.00510391 0.00944485 0.0123277 0.00507716 -0.000829704 0.0145634 0.00914799 -0.0119269 0.0133688 -0.0197334 -0.0176462 0.012566 0.0266233 0.00708971 -0.0200033 -0.0162127 0.00953469 -0.0180732 0.00056274 -0.00851411 0.0123531 0.0129606 0.00975694
internal_weight=8418.67 4006.29 3162.6 1534.92 4412.39 3496.53 535.767 999.153 3355.09 1738.06 409.623 1627.68 1328.44 331.615 46.2776 1232.59 843.69 725.701 285.337 79.9954 205.342 624.71 432.651 29.1569 403.494 915.858 141.44 1170.15 1144.92 749.404
internal_count=60933 41421 27855 16901 19512 14980 6670 10231 14270 7281 1694 10954 5587 1371 201 5159 13566 11371 1170 328 842 10585 7102 439 6663 4532 710 4872 4767 3106
is_linear=0
shrinkage=0.05


Tree=42
num_leaves=31
num_cat=0
split_feature=6 0 0 0 1 10 2 6 9 11 9 2 10 0 2 10 6 1 10 10 10 6 2 11 6 0 8 11 0 2
split_gain=173.052 51.4608 24.4457 18.4904 12.2569 12.4195 12.1179 11.0397 10.7947 10.4796 11.5404 10.9041 10.3303 12.3658 10.077 9.76019 9.31435 9.09551 10.3947 8.73228 8.29118 8.18207 10.3755 10.0234 8.02701 8.0027 7.89516 7.83377 12.7316 14.7065
threshold=0.030776500000000002 0.61565050000000021 0.56282700000000008 0.49563750000000006 0.86040700000000003 0.37855000000000005 0.89335000000000009 0.12660250000000003 0.52695000000000014 0.94500000000000017 0.61370000000000013 0.50005000000000011 0.36415000000000003 0.5328925000000001 0.53275000000000017 0.44805000000000006 0.38278350000000005 0.88492850000000012 0.39605000000000007 0.35585000000000006 0.40125000000000005 0.53137250000000014 0.29075000000000006 0.94500000000000017 0.18634250000000002 0.33281800000000006 1.0000000180025095e-35 0.81000000000000016 0.52397400000000005 0.70345000000000013
decision_type=2 2 2 2 2 2 2 2 2 2 2 2 2 2 2 2 2 2 2 2 2 2 2 2 2 2 2 2 2 2
left_child=1 3 4 -1 5 12 27 8 17 -9 11 16 25 -14 -4 -16 26 18 -6 -8 -3 22 23 -7 -15 -2 -11 28 29 -5
right_child=2 20 14 6 7 21 19 9 -10 10 -12 -13 13 24 15 -17 -18 -19 -20 -21 -22 -23 -24 -25 -26 -27 -28 -29 -30 -31
leaf_value=0.0039331226456102257 0.025436174701696443 -0.014368074321156572 -0.011846257749380279 -0.0081217925067410164 0.01029610052399642 -0.021946899301925091 0.0021472349422407776 -0.0029255504802444825 -0.0092443388255892527 -0.00084274029804478441 -0.010917386995483745 0.011100308507285436 0.022484293837747766 0.004929855737283672 0.0016463061979291574 -0.044654653920406427 0.019756634496163824 0.00051443094928614391 0.05350732996523299 -0.016189596337261501 -0.026317857102511839 0.017246705360265263 -0.0017064735915474926 0.049371366419245721 -0.06301655310630018 0.0079908165825448036 -0.029985743286473757 -0.0018575913772932873 -0.016075711081941346 0.012629941051962957
leaf_weight=391.93662033975124 74.487113237380981 227.13449808210135 193.46812289953232 411.41415958851576 95.151295557618141 6.6187186241149929 74.085132699459791 226.89513857662678 220.51565445959568 189.60321222245693 73.328213766217232 1407.2852280586958 365.02985192835331 12.480229154229166 745.78847590833902 11.558387972414492 48.868685111403465 411.5397554859519 16.301747426390648 525.17052642256021 402.18095553666353 93.188001170754433 336.96372926235199 19.271715387701988 6.6696783900260916 559.67786638438702 26.486230492591858 750.85280421003699 357.60599390044808 107.73380722850561
leaf_count=2154 341 3951 1285 4117 414 29 784 1009 965 830 304 5876 1531 57 4322 116 207 1963 72 5972 7565 406 1403 82 28 2345 121 6612 5075 997
internal_value=-0.000131913 -0.00916655 0.00557603 -0.00608141 0.00721837 0.0108886 -0.007844 0.00522596 3.38095e-05 0.00718311 0.00849706 0.00934839 0.0139595 0.0204297 -0.00166196 0.000939676 4.33471e-05 0.00394587 0.0166164 -0.0139226 -0.0220049 0.00403116 0.000637145 0.0311393 -0.018735 0.0100399 -0.00441482 -0.00560596 -0.00881606 -0.00381538
internal_weight=8389.29 3248.11 5141.18 2618.8 4190.36 1474.39 2226.86 2715.98 743.508 1972.47 1745.57 1672.24 1018.34 384.18 950.815 757.347 264.958 522.993 111.453 599.256 629.315 456.042 362.854 25.8904 19.1499 634.165 216.089 1627.61 876.754 519.148
internal_count=60933 37227 23706 25711 17983 6222 23557 11761 3414 8347 7338 7034 4302 1616 5723 4438 1158 2449 486 6756 11516 1920 1514 111 85 2686 951 16801 10189 5114
is_linear=0
shrinkage=0.05


Tree=43
num_leaves=31
num_cat=0
split_feature=6 0 6 8 11 1 0 9 0 2 11 2 10 11 9 8 2 0 1 9 10 2 8 1 10 6 9 10 10 0
split_gain=157.088 49.2157 22.2757 18.3152 14.4083 13.7845 12.8255 11.623 10.5118 10.2478 15.0448 9.31344 9.40155 9.1101 12.3604 8.69763 9.36189 8.60147 9.17317 8.50372 9.95748 8.10931 7.99412 13.1546 8.17163 7.94682 7.89791 7.8919 7.70923 12.6635
threshold=0.035098500000000012 0.58075300000000019 0.25290700000000005 1.0000000180025095e-35 0.81000000000000016 0.92011500000000013 0.65997900000000009 0.42405000000000004 0.52652700000000008 0.49285000000000007 0.94500000000000017 0.70925000000000016 0.44805000000000006 0.65000000000000002 0.42895000000000005 1.0000000180025095e-35 0.14465000000000003 0.53070750000000011 0.95474850000000011 0.43955000000000005 0.41605000000000009 0.18170000000000003 1.0000000180025095e-35 0.92986250000000015 0.40895000000000004 0.54006450000000006 0.38785000000000008 0.40915000000000007 0.37445000000000006 0.64339050000000009
decision_type=2 2 2 2 2 2 2 2 2 2 2 2 2 2 2 2 2 2 2 2 2 2 2 2 2 2 2 2 2 2
left_child=1 3 5 17 15 7 9 -2 27 28 -11 19 -13 21 -15 16 -4 18 -1 20 -7 -10 -12 24 -24 -6 -25 -5 29 -3
right_child=2 6 4 8 25 11 -8 -9 13 10 22 12 -14 14 -16 -17 -18 -19 -20 -21 -22 -23 23 26 -26 -27 -28 -29 -30 -31
leaf_value=0.0046548864643359425 -0.023012124562669722 0.010406823527286705 0.04806110704791311 -0.0038029042122283323 0.010660898428931413 0.0773182694830091 -0.028200528350302081 0.0047947882736375453 0.01459137619573489 -0.030682687543489656 -0.016108568310431233 0.0004698985962050665 -0.042783707739230847 0.039644588044730263 -0.013347033157674723 -0.016973485167475353 0.0019656047523962683 -0.0045924190068741804 -0.060744923575706246 -0.024084091102439472 -0.0049290095011761403 -0.029074994927402162 -0.0014739832076392954 -0.037719828380910037 -0.049385804987176138 0.023039432446827438 0.047612923983112003 -0.015919725402223774 -0.0085534784888758077 0.14009579182098872
leaf_weight=596.87465993314981 38.112507104873657 21.413766350597147 11.561009064316748 615.69586453586817 1347.59967302531 4.1840124428272238 220.97591946646571 2687.2052275910974 11.499508172273634 168.48151855543256 396.79640110954642 447.02781930565834 12.926312267780302 12.896565001457928 74.99272483214736 60.897233501076698 233.24816091358662 547.32093573361635 5.4103491753339759 91.411774784326553 30.548321321606636 140.99812285229564 42.486157216131687 3.1872382685542133 11.257531423121689 143.45928034186363 18.169023767113686 171.90291760861874 191.17124391719699 2.0636899247765532
leaf_count=3636 217 274 49 5507 5631 24 4666 12156 145 3254 5669 2614 125 128 688 270 1011 5442 43 532 208 2149 598 55 178 661 270 1982 2719 32
internal_value=-0.000127353 -0.0087144 0.00534206 -0.00439166 0.0098245 0.00290991 -0.0174627 0.00440592 -0.00924085 -0.0146875 -0.0178567 -0.00404645 -0.000745678 -0.0183928 -0.00557123 -6.38838e-05 0.00414245 -5.54925e-05 0.0040674 -0.0160819 0.00497887 -0.0257822 -0.0132774 0.00168139 -0.0115099 0.0118519 0.0348777 -0.00644755 -0.00523281 0.0218066
internal_weight=8361.78 3253.59 5108.18 2177.59 1796.77 3311.42 1076 2725.32 1027.99 855.027 640.378 586.098 459.954 240.387 87.8893 305.706 244.809 1149.61 602.285 126.144 34.7323 152.498 471.896 75.1 53.7437 1491.06 21.3563 787.599 214.649 23.4775
internal_count=60933 37435 23498 19720 7622 15876 17715 12373 10599 13049 10024 3503 2739 3110 816 1330 1060 9121 3679 764 232 2294 6770 1101 776 6292 325 7489 3025 306
is_linear=0
shrinkage=0.05


Tree=44
num_leaves=31
num_cat=0
split_feature=6 0 10 9 1 0 11 11 1 9 10 6 8 9 1 6 0 0 0 10 7 2 9 9 0 11 10 2 9 11
split_gain=143.37 48.2293 18.9826 15.6384 14.6922 14.1952 13.1497 13.0375 14.6451 9.97065 11.3574 9.57633 9.8755 10.3661 8.79844 9.77145 9.4543 8.52839 8.48238 8.44155 8.12648 8.09872 8.06279 7.86895 10.3729 8.26149 7.69835 7.70956 9.81969 9.24463
threshold=0.084523500000000015 0.6118340000000001 0.42735000000000006 0.48995000000000005 0.92413450000000019 0.54799150000000008 0.49000000000000005 0.65000000000000002 0.80878400000000006 0.52105000000000012 0.38415000000000005 0.24695100000000003 1.0000000180025095e-35 0.62515000000000009 0.73372300000000013 0.71825400000000006 0.29514450000000009 0.68340750000000006 0.51884100000000011 0.41725000000000007 0.95293450000000013 0.34715000000000007 0.57345000000000013 0.53965000000000007 0.40203050000000007 0.94500000000000017 0.41575000000000006 0.18995000000000004 0.40255000000000007 0.94500000000000017
decision_type=2 2 2 2 2 2 2 2 2 2 2 2 2 2 2 2 2 2 2 2 2 2 2 2 2 2 2 2 2 2
left_child=1 2 5 -2 11 6 18 21 -9 10 -10 -5 14 19 -13 16 -16 20 -1 23 -3 22 -7 25 -25 -14 27 28 -22 -29
right_child=3 17 -4 4 -6 7 -8 8 9 -11 -12 12 13 -15 15 -17 -18 -19 -20 -21 26 -23 -24 24 -26 -27 -28 29 -30 -31
leaf_value=-0.0037967032321863077 0.00025758577929967883 -0.0027806271103163233 -0.018842357665210318 0.0054981744869824411 -0.0082192961461159883 -0.0060641499065952759 0.0027736136076091243 0.061379803835642337 0.015813074631755696 -0.013953236893404171 -0.0048255999811895305 -0.032101110881593863 -0.01070145888796393 -0.012365925911294913 0.031059950948156223 0.029729247418876406 0.011160675036335586 -0.030900265300374818 -0.02013535738630421 -0.017027090890558049 0.11610879466627269 -0.023751056330636313 0.07289112294373111 0.018235328647157354 -0.0037975194633869235 0.031214072137887391 -0.02676705163004647 -0.033738810891521094 0.002498844785621433 -0.012826959289327235
leaf_weight=651.38579235970974 916.88084100931883 100.53597311675549 208.14940931648016 1619.5618019104004 140.92961115390062 41.309991955757141 1133.2637564241886 8.2196195498108846 77.244252815842628 252.49259816110134 486.420694001019 10.750031933188437 14.277644604444502 77.825734615325928 62.919493824243546 84.833487659692764 1162.5698138922453 110.18738085404038 90.470447681844234 30.755554407835007 2.048171333968642 171.76735413447022 3.5080063790082923 92.80325323343277 125.87676599621773 66.553197026252747 180.53984811902046 63.216187175363302 26.646377675235271 322.2936393879354
leaf_count=6143 4532 786 2532 6989 710 558 6622 73 750 2389 4710 45 64 323 297 383 4862 2195 1137 129 26 2900 41 388 516 274 3483 1299 413 5364
internal_value=-0.000123582 -0.00706715 -0.00425461 0.00606861 0.00759542 -0.00321334 -0.000614114 -0.00789542 -0.00502728 -0.00569607 -0.00199729 0.00826097 0.0108487 0.00405011 0.0129488 0.0133184 0.0121824 -0.0179764 -0.00578923 0.00791847 -0.0159282 -0.0188123 0.000115858 0.01048 0.00555276 0.0238103 -0.0181507 -0.014395 0.0106081 -0.0162561
internal_weight=8336.24 3929.7 3124.23 4406.54 3489.66 2916.08 1875.12 1040.96 824.377 816.158 563.665 3348.73 1729.16 408.092 1321.07 1310.32 1225.49 805.468 741.856 330.266 695.28 216.585 44.818 299.511 218.68 80.8308 594.744 414.204 28.6945 385.51
internal_count=60933 41421 27855 19512 14980 25323 13902 11421 7922 7849 5460 14270 7281 1694 5587 5542 5159 13566 7280 1371 11371 3499 599 1242 904 338 10585 7102 439 6663
is_linear=0
shrinkage=0.05


Tree=45
num_leaves=31
num_cat=0
split_feature=6 0 0 0 10 0 10 2 0 11 1 9 10 9 2 2 10 10 2 6 1 9 6 10 6 2 9 11 0 9
split_gain=129.945 42.56 19.4399 14.4499 11.7442 9.75545 9.80997 9.34704 8.85209 10.1975 13.415 10.8107 12.9842 13.2386 9.42357 8.23151 7.8973 7.68483 7.68429 7.4963 7.42544 7.98653 7.51878 9.54893 8.47638 7.11245 7.40037 6.9499 7.18054 7.17387
threshold=1.0000000180025095e-35 0.61565050000000021 0.56282700000000008 0.47147250000000007 0.42735000000000006 0.35448650000000009 0.42875000000000008 0.70055000000000012 0.54799150000000008 0.65000000000000002 0.80878400000000006 0.51375000000000015 0.38415000000000005 0.51225000000000009 0.69435000000000013 0.34715000000000007 0.44805000000000006 0.41695000000000004 0.75005000000000011 0.12310600000000001 0.93576800000000004 0.43955000000000005 0.22086700000000004 0.42185000000000006 0.051316000000000007 0.95065000000000011 0.5474500000000001 0.49000000000000005 0.52003200000000016 0.41305000000000008
decision_type=2 2 2 2 2 2 2 2 2 2 2 2 2 2 2 2 2 2 2 2 2 2 2 2 2 2 2 2 2 2
left_child=1 3 5 -1 8 6 19 -4 27 15 14 12 13 -12 -11 -10 25 -3 -13 -2 21 -7 24 -24 -22 -9 -27 28 -5 -30
right_child=2 17 7 4 -6 20 -8 16 9 10 11 18 -14 -15 -16 -17 -18 -19 -20 -21 22 -23 23 -25 -26 26 -28 -29 29 -31
leaf_value=0.0081951999900688587 -0.050641832437162471 -0.016343177838750798 -0.0085003644280869043 -0.0042888860658518288 -0.018240107066989922 -0.0062361233477228164 -0.019463982738379088 0.0059917150827395391 0.000430830255741926 0.0045496933108052891 0.016034764832279735 -0.0074395770662396069 -0.0054544712725069257 0.14898012972506872 0.12465633555360366 -0.023438893098702895 -0.041894520743752238 -0.028622942386315638 -0.026052093002008832 0.016503582112523774 -0.055971778840889545 0.0063257711508382004 -0.076590860603691871 -0.012187799626077038 0.0046193536681667082 -0.010318626623835309 0.018316694663877774 0.0010437260193049663 0.0034883444014816955 -0.028588324854381099
leaf_weight=183.68841762840748 4.2052559554576865 407.79021882265806 328.17523914203048 611.64284927397966 191.29373154789209 131.19643080234528 20.938402369618416 443.55408617854118 45.469106081873178 3.2335614413022986 52.570834081619978 126.60330157727003 351.81377291306853 1.9417170509695996 3.2996359542012215 175.62296760827303 10.122040830552576 185.30178862437606 98.675268080085516 360.39114615321159 6.1792841404676428 3556.1147206276655 7.557103946805003 24.142001241445541 87.590504333376884 147.39866043999791 26.640514723956585 630.17699111253023 24.154988512396812 62.614670924842358
leaf_count=964 17 7527 2070 5911 2476 620 87 2554 609 32 580 1350 4074 19 34 3054 110 3946 1122 1608 38 15081 34 113 456 936 127 4269 327 788
internal_value=-0.000119466 -0.00810982 0.00477299 -0.00531655 -0.00635977 0.00623821 0.0138178 -0.00166233 -0.00532101 -0.00927584 -0.00606963 -0.00680693 -0.00193618 0.0207702 0.0652104 -0.0185299 0.00191266 -0.0201798 -0.0155921 0.0157291 0.00547179 0.00587881 -0.00649003 -0.0275416 0.000626492 0.00263064 -0.00593536 -0.00276332 -0.00619842 -0.0196588
internal_weight=8310.1 3155.89 5154.21 2562.8 2379.11 4198.31 385.535 955.891 2187.82 859.23 638.138 631.605 406.326 54.5126 6.5332 221.092 627.715 593.092 225.279 364.596 3812.78 3687.31 125.469 31.6991 93.7698 617.593 174.039 1328.59 698.413 86.7697
internal_count=60933 37082 23851 25609 24645 18054 1712 5797 22169 10874 7211 7145 4673 599 66 3663 3727 11473 2472 1625 16342 15701 641 147 494 3617 1063 11295 7026 1115
is_linear=0
shrinkage=0.05


Tree=46
num_leaves=31
num_cat=0
split_feature=6 0 2 10 0 2 11 9 2 8 2 9 1 7 2 1 1 0 6 2 9 9 7 0 9 2 2 7 10 6
split_gain=118.712 41.5856 17.5625 13.8841 13.7927 13.404 13.2086 12.9213 11.8021 20.3541 13.0539 11.5085 11.3066 13.4085 10.287 9.69013 11.2687 8.63361 9.86887 8.19181 8.17752 8.15103 8.13808 9.02482 7.96129 12.5792 7.91989 8.64757 7.79915 7.7963
threshold=0.084523500000000015 0.61565050000000021 0.9738500000000001 0.37855000000000005 0.53183350000000018 0.56425000000000014 0.81000000000000016 0.39905000000000007 0.46625000000000005 1.0000000180025095e-35 0.34715000000000007 0.44365000000000004 0.88448700000000013 0.95505050000000014 0.31035000000000007 0.86040700000000003 0.81381700000000012 0.53183350000000018 0.092329500000000023 0.5686500000000001 0.51105000000000012 0.39005000000000006 0.95293450000000013 0.67289250000000012 0.34110000000000007 0.75245000000000006 0.50975000000000015 0.9240385000000001 0.41695000000000004 0.35389000000000009
decision_type=2 2 2 2 2 2 2 2 2 2 2 2 2 2 2 2 2 2 2 2 2 2 2 2 2 2 2 2 2 2
left_child=1 2 4 15 5 20 14 -4 9 10 29 -10 13 -9 -6 16 -2 18 -18 -7 21 -1 23 -3 25 -21 -22 -28 -24 -5
right_child=3 22 7 8 6 19 -8 12 11 -11 -12 -13 -14 -15 -16 -17 17 -19 -20 24 26 -23 28 -25 -26 -27 27 -29 -30 -31
leaf_value=0.0080460545853229606 0.0034336067021984158 0.0029592670963926706 -0.025228683068229424 0.0022991505572698464 0.00082644826489286288 0.067200314840019773 -0.0030876239587404064 -0.015629325835995033 -0.0073804832447857856 -0.033692755912521237 -0.0086092005526172272 0.0059740772713339114 -0.017523955932033968 0.01136474872746257 -0.019489345874412561 0.0016751144996648697 0.062946658540948316 -0.0014001582775291926 0.016533964325549263 -0.0014125322426647988 0.0058035722386841522 -0.012557319142035102 -0.015733938940442952 -0.03313691956742764 0.0042236188357618687 0.096500811489598881 -0.065101533034183742 -0.0062888569342123574 -0.027888155804756433 0.021871334945480516
leaf_weight=56.895694985985756 260.8012582808733 84.011220753192902 144.98041371256113 173.16838410496712 81.991384275257587 5.3091654554009429 913.27077589184046 76.305337607860565 172.62193259596825 49.339566417038441 225.94068211317062 2464.8993352800608 154.46612880378962 115.84036487713456 259.58786369487643 274.07510754466057 11.665291011333464 67.667212344706059 630.51087117195129 7.173765577375887 222.65694727003574 307.15902332961559 427.56717079132795 21.812256872653961 771.64362233132124 6.0439030602574348 8.0643359050154668 27.78343527764082 190.92513379082084 72.050044849514961
leaf_count=605 1123 651 1973 834 1077 37 8054 709 944 250 1064 10812 1371 1139 4178 1152 48 309 2656 69 1489 2738 7796 232 4994 46 55 154 4054 320
internal_value=-0.000115721 -0.00648792 -0.00401045 0.00550495 -0.00241008 0.000978379 -0.00622487 -0.0126947 0.00374218 -0.0031385 6.11305e-05 0.00510004 -0.00745203 0.000644801 -0.0146128 0.00997734 0.0123216 0.0155871 0.0173771 0.00530141 -0.00450853 -0.00933735 -0.0172936 -0.00448085 0.00488269 0.0433593 0.00229195 -0.0195194 -0.0194859 0.00804985
internal_weight=8286.23 3883.49 3159.17 4402.74 2667.58 1412.73 1254.85 491.592 3158.02 520.499 471.159 2637.52 346.612 192.146 341.579 1244.72 970.645 709.843 642.176 790.17 622.559 364.055 724.316 105.823 784.861 13.2177 258.505 35.8478 618.492 245.218
internal_count=60933 41421 28688 19512 23496 10187 13309 5192 14224 2468 2218 11756 3219 1848 5255 5288 4136 3013 2704 5146 5041 3343 12733 883 5109 115 1698 209 11850 1154
is_linear=0
shrinkage=0.05


Tree=47
num_leaves=31
num_cat=0
split_feature=6 0 6 8 11 10 0 0 1 2 2 2 11 9 9 2 8 2 1 1 2 9 2 1 2 6 0 0 10 0
split_gain=107.691 36.7663 16.7926 14.6888 12.1993 11.0811 10.7163 8.64778 7.97861 7.76453 7.9722 7.81609 7.44933 11.4164 7.64667 7.26863 7.18907 8.42708 7.15717 10.8414 18.1814 8.6604 8.79453 8.43164 8.11233 6.89165 6.8547 7.03924 6.81335 6.74813
threshold=0.030776500000000002 0.58075300000000019 0.25290700000000005 1.0000000180025095e-35 0.81000000000000016 0.41695000000000004 0.58849750000000012 0.52652700000000008 0.97302850000000018 0.73145000000000016 0.98565000000000014 0.98755000000000015 0.65000000000000002 0.43645000000000006 0.46525000000000005 0.18170000000000003 1.0000000180025095e-35 0.08790000000000002 0.89497250000000006 0.89695550000000013 0.89735000000000009 0.59635000000000016 0.22835000000000003 0.84940800000000005 0.55095000000000016 0.54006450000000006 0.57242800000000005 0.57457200000000019 0.41785000000000005 0.3474810000000001
decision_type=2 2 2 2 2 2 2 2 2 2 2 2 2 2 2 2 2 2 2 2 2 2 2 2 2 2 2 2 2 2
left_child=1 3 6 -1 16 -3 18 -5 9 -8 -11 -12 15 -14 -15 -9 17 -4 21 20 -20 23 -23 -2 -21 -6 -25 -28 -27 -24
right_child=2 5 4 7 25 -7 8 12 -10 10 11 -13 13 14 -16 -17 -18 -19 19 24 -22 22 29 26 -26 28 27 -29 -30 -31
leaf_value=0.0002399822437965616 0.015589721890730443 -0.012210189280430219 0.068891909061988665 -0.0055636961125323132 0.0090324547708625618 -0.024235382186489331 -0.010871527490459928 0.014465201634212284 -0.036573093462263916 0.0051296812246914986 -0.057381172728694224 -0.0072803716343698786 0.033168557590436062 -0.044738595855147667 -0.0048338958224615064 -0.026961132325083098 -0.016266682249149605 0.0016684725165968803 -0.00071495070099508425 -0.010148277901923314 -0.056661278528933601 0.042774567440948034 0.036392017804332301 0.0045160772675999486 0.0033344644378164403 0.026196234407761629 0.072573254843139673 0.0160849299147988 -0.001253948451256619 -0.0049073816985669592
leaf_weight=1123.9495188444853 245.12297676503658 751.38236005604267 4.7545575350522986 773.63967991620302 1341.5169561207294 257.13374068215489 197.17343222349882 11.517084933817385 18.261296287178993 281.47214303910732 9.169966869056223 51.530792355537415 15.967185031622646 15.447972275316713 53.865490358322859 131.34710250049829 60.565959110856056 239.57496830821037 43.234894707798958 128.41503868997097 21.86651711165905 10.609073176980017 10.23223654925823 1118.7438358366489 850.2606511041522 112.26561465859413 6.1471001654863349 53.636400863528252 28.304555058479309 296.50536207854748
leaf_count=9033 1034 12439 20 7483 5631 5172 1378 145 205 1779 61 355 153 145 508 2149 270 1040 191 644 97 45 44 4741 3980 540 29 260 121 1241
internal_value=-0.000112039 -0.00741402 0.00434977 -0.00368397 0.00826237 -0.0152762 0.00225792 -0.00808643 -0.00406905 -0.00296852 0.0015855 -0.014849 -0.016641 -0.0049471 -0.0137275 -0.0236215 -0.00084597 0.00297661 0.0035248 0.000251085 -0.0195064 0.00548748 -0.00198173 0.00715245 0.00156535 0.0101361 0.00539757 0.0218932 0.020669 -0.00352971
internal_weight=8263.61 3134.25 5129.36 2125.73 1786.98 1008.52 3342.38 1001.78 557.608 539.346 342.173 60.7008 228.145 85.2806 69.3135 142.864 304.895 244.33 2784.77 1043.78 65.1014 1741 317.347 1423.65 978.676 1482.09 1178.53 59.7835 140.57 306.738
internal_count=60933 37227 23706 19616 7622 17611 16084 10583 3778 3573 2195 416 3100 806 653 2294 1330 1060 12306 4912 288 7394 1330 6064 4624 6292 5030 289 661 1285
is_linear=0
shrinkage=0.05


Tree=48
num_leaves=31
num_cat=0
split_feature=6 0 2 10 10 0 2 11 2 8 2 9 1 2 1 10 9 9 2 9 0 7 11 6 9 6 9 2 8 9
split_gain=98.1146 36.3162 15.7517 12.2455 12.1388 11.8905 11.8516 11.6985 10.4894 18.1941 11.375 9.75957 9.70948 8.87966 8.03337 12.2821 7.88641 7.83762 7.80974 7.7975 7.61252 9.07909 7.33837 7.41361 7.29999 7.12554 10.6109 7.08845 7.05245 8.97591
threshold=0.084523500000000015 0.61565050000000021 0.9738500000000001 0.35685000000000006 0.37855000000000005 0.53183350000000018 0.56425000000000014 0.81000000000000016 0.47215000000000007 1.0000000180025095e-35 0.34715000000000007 0.44365000000000004 0.90628750000000002 0.62045000000000006 0.86040700000000003 0.36275000000000007 0.32445000000000007 0.41195000000000004 0.31035000000000007 0.49255000000000004 0.68340750000000006 0.95293450000000013 0.65000000000000002 0.074537000000000006 0.39905000000000007 0.26393200000000006 0.56035000000000013 0.5686500000000001 1.0000000180025095e-35 0.46875000000000006
decision_type=2 2 2 2 2 2 2 2 2 2 2 2 2 2 2 2 2 2 2 2 2 2 2 2 2 2 2 2 2 2
left_child=1 2 5 -4 13 6 22 12 9 10 -6 -10 18 25 15 -15 -14 -9 -7 -11 21 -3 -1 -24 -5 26 -2 -8 29 -20
right_child=4 20 3 24 8 7 27 17 11 19 -12 -13 16 14 -16 -17 -18 -19 28 -21 -22 -23 23 -25 -26 -27 -28 -29 -30 -31
leaf_value=-0.008533020965563418 0.02707428746374875 0.00046226309495803425 0.0050120992098858811 -0.025480620962780698 0.0074657090649414507 0.0067294376756168121 0.061605969185254905 0.01515009296230516 -0.0068930951133686982 -0.060185484447561936 -0.0079143997209308991 0.0054446323175312431 0.042979208459988552 0.0021401852434206141 -0.002851509415737558 0.016543665339394064 -0.032296033497547283 -0.0039560782058160162 0.013570527213831382 -0.018035039850945969 -0.028845854331619122 -0.016658143724305807 0.0049936390013425487 -0.029596418852063079 -0.010980575425278548 0.021594518317947328 0.0030273996246959986 0.0046700922605207055 -0.02350297387694756 -0.017120726596088834
leaf_weight=376.90094062313437 61.042403385043144 91.250842325389385 87.379517242312431 128.20344879105687 244.82224816828966 60.764864642173052 5.504909247159957 57.289927463978529 171.48352550715208 16.30281625688076 236.20881789177656 2455.1064039245248 3.6453827358782283 317.25541938841343 194.26611003279686 277.4346959143877 76.456384275108576 850.79316785931587 40.65837762132287 33.555999591946602 101.84974202886224 511.57224424555898 225.70077496767044 16.632081404328346 268.77916645258665 207.02182170748711 184.62553485482931 786.10740017145872 95.35552329942584 57.531551189720631
leaf_count=3757 259 728 869 1806 1154 749 37 607 941 93 1116 10757 69 1337 808 1173 1375 7447 609 163 2195 9810 1211 73 2517 923 788 5109 1654 799
internal_value=-0.000108052 -0.00594542 -0.00364181 -0.0119334 0.00499054 -0.00212819 0.0010129 -0.00569489 0.0033435 -0.00306665 -8.66458e-05 0.00463913 -0.0136897 0.00917892 0.00597602 0.00885969 -0.0288703 -0.00275069 -0.00890822 -0.0318174 -0.0162027 -0.0140666 -0.00416852 0.00261961 -0.0156633 0.014761 0.00900246 0.00506603 -0.0138178 -0.00441213
internal_weight=8241.5 3842.38 3137.7 484.362 4399.13 2653.34 1410.85 1242.5 3157.48 530.89 481.031 2626.59 334.412 1241.65 788.956 594.69 80.1018 908.083 254.31 49.8588 704.673 602.823 619.234 242.333 396.983 452.69 245.668 791.612 193.545 98.1899
internal_count=60933 41421 28688 5192 19512 23496 10187 13309 14224 2526 2270 11698 5255 5288 3318 2510 1444 8054 3811 256 12733 10538 5041 1284 4323 1970 1047 5146 3062 1408
is_linear=0
shrinkage=0.05


Tree=49
num_leaves=31
num_cat=0
split_feature=6 0 7 2 9 1 0 2 0 9 10 2 9 10 2 11 6 1 9 10 9 11 1 9 8 2 10 9 9 0
split_gain=89.0136 32.2039 14.6451 11.662 11.9077 13.2 10.7335 12.7933 10.6394 10.5632 10.3849 15.1762 9.7932 9.66429 8.79373 8.04192 8.4259 8.34915 7.56618 10.453 9.97043 7.49935 9.347 7.82651 7.3078 14.4177 9.9273 9.32764 10.3526 9.19982
threshold=1.0000000180025095e-35 0.61565050000000021 0.85239650000000011 0.92975000000000008 0.40085000000000004 0.89127050000000019 0.52759550000000011 0.70635000000000014 0.44365150000000003 0.67910000000000015 0.39165000000000005 0.6492500000000001 0.34110000000000007 0.44645000000000007 0.20645000000000002 0.49000000000000005 0.71825400000000006 0.81381700000000012 0.6926000000000001 0.41485000000000005 0.5484500000000001 0.81000000000000016 0.90628750000000002 0.44365000000000004 1.0000000180025095e-35 0.25610000000000005 0.40155000000000007 0.54405000000000014 0.46265000000000006 0.55126100000000011
decision_type=2 2 2 2 2 2 2 2 2 2 2 2 2 2 2 2 2 2 2 2 2 2 2 2 2 2 2 2 2 2
left_child=1 3 10 6 -5 18 7 8 14 21 15 -12 -9 -4 -1 -2 17 -17 19 -6 -21 22 24 -23 26 -26 -8 28 -28 -29
right_child=2 -3 13 4 5 -7 9 12 -10 -11 11 -13 -14 -15 -16 16 -18 -19 -20 20 -22 23 -24 -25 25 -27 27 29 -30 -31
leaf_value=0.080769770484941272 -0.015749659385551687 -0.017735477852193999 0.00063608016460950942 -0.023198122456701175 0.0020261587406760887 -0.017736536028520683 -0.0077686540777873502 0.065427580946564104 -0.0042386692969291519 0.1028097519359313 -0.0035363621259358229 0.0065442823062221156 0.0076194837698496474 -0.050572995416198654 0.012717697878580415 -0.00063497036038970278 0.033066992708691005 0.010214634562825673 -0.023801480852289711 0.12053730237239083 0.0064712652298521342 0.0078196566604533876 -0.028196626963692323 -0.0063335659980486535 0.027639083728041476 -0.024981369349829648 0.042070100620986567 0.15969702904811919 -0.019912554842955558 0.022437465352589364
leaf_weight=5.9460828155279186 32.633427441120148 555.13915108889341 1856.5218454189599 145.12401770055294 202.52677694708109 156.08394137024879 115.36048176884651 7.4950623959302893 679.05062839388847 2.2036716006696215 559.7903006747365 1121.0610362961888 325.46675032377243 9.2592665292322618 23.542698562145233 204.73339030146599 36.509659662842751 1324.2148700132966 27.2598926872015 3.7002867124974719 3.9724039137363434 122.59814623743296 76.060365408658981 480.54551468044519 15.041714221239088 96.731945186853409 13.993099067360168 2.3121820688247672 12.991130042821167 2.5862328112125397
leaf_count=28 136 11473 9596 2080 2018 1688 1562 54 5738 25 2529 4846 2258 110 107 878 184 5572 235 50 42 1308 1387 4748 172 1679 196 23 178 33
internal_value=-0.000104514 -0.00683362 0.00391843 -0.00443257 -0.0109562 -0.00644182 -0.00265952 0.00083694 -0.00296187 -0.00653178 0.00593075 0.00318703 0.00892076 0.000381946 0.0264396 0.00881656 0.00932867 0.00876182 0.000982293 0.0041964 0.0614816 -0.0067886 -0.0127861 -0.00345671 -0.00826074 -0.0179001 -0.000943433 0.0237522 0.0122295 0.0872276
internal_weight=8220.46 3075.73 5144.72 2520.59 538.667 393.543 1981.93 1041.5 708.539 940.424 3278.94 1680.85 332.962 1865.78 29.4888 1598.09 1565.46 1528.95 237.459 210.199 7.67269 938.221 335.077 603.144 259.017 111.774 147.243 31.8826 26.9842 4.89841
internal_count=60933 37082 23851 25609 6113 4033 19496 8185 5873 11311 14145 7375 2312 9706 135 6770 6634 6450 2345 2110 92 11286 5230 6056 3843 1851 1992 430 374 56
is_linear=0
shrinkage=0.05


Tree=50
num_leaves=31
num_cat=0
split_feature=6 0 2 0 11 2 1 10 0 8 10 9 9 10 2 1 6 10 1 0 1 0 0 11 6 8 6 1 0 2
split_gain=80.8637 31.5879 13.831 12.8612 12.4614 11.3068 11.24 11.2386 11.1855 10.8814 10.333 10.3067 10.1161 13.2891 10.1669 9.88817 8.96095 8.85413 14.4077 11.6616 10.1814 8.921 8.70131 8.56399 8.81191 10.1933 8.66666 8.34622 8.07542 7.99645
threshold=0.084523500000000015 0.63489750000000011 0.9738500000000001 0.54799150000000008 0.94500000000000017 0.36535000000000006 0.78214150000000016 0.35585000000000006 0.4373820000000001 1.0000000180025095e-35 0.40125000000000005 0.52195000000000014 0.37305000000000005 0.40095000000000008 0.68525000000000014 0.86751350000000016 0.065591500000000011 0.39225000000000004 0.89251350000000007 0.54255300000000017 0.94302000000000008 0.53070750000000011 0.55126100000000011 0.94500000000000017 0.29814800000000002 1.0000000180025095e-35 0.32200500000000004 0.88361050000000008 0.67289250000000012 0.51455000000000006
decision_type=2 2 2 2 2 2 2 2 2 2 2 2 2 2 2 2 2 2 2 2 2 2 2 2 2 2 2 2 2 2
left_child=1 2 3 9 5 -5 -7 -4 -2 17 -3 -6 13 14 -11 22 -12 -1 -19 21 -21 -20 -13 -10 -25 26 29 -16 -18 -26
right_child=8 10 7 4 11 6 -8 -9 23 12 16 15 -14 -15 27 -17 28 18 19 20 -22 -23 -24 24 25 -27 -28 -29 -30 -31
leaf_value=0.00011946389709117979 0.0078921343824378473 -0.0069996468751227451 0.0052480417968921488 0.00069635536254895186 0.00040462002184280579 0.14747610843474829 -0.020935775026464751 -0.014730018067310486 -0.0065661576198761621 0.018287281541713992 -0.025109255106475138 0.064202315016736025 -0.0061755634769570878 -0.011278009830035829 0.039411760117572227 -0.020298038146850807 0.021920537711338617 0.02731199473109417 0.0056869840715529684 0.048804706658090072 -0.044509029630714125 -0.018189171366882639 -0.0030049448174970491 0.0022183628551037107 -0.0081642311084250893 -0.0040910946168671485 0.010222268064543075 0.13386451116838968 -0.041009036346569328 0.038079870375813729
leaf_weight=583.12228763103485 1575.1733867824078 158.42691164091229 84.686592508107424 88.04336278885603 588.96439438313246 0.99485280737280746 239.99330167844892 417.16153794899583 232.20180214941502 31.353369675576687 294.15513422340155 5.0945150554180136 645.96311746910214 30.733193390071392 5.9326668307185155 141.76510049402714 19.370626635849479 90.782788410782814 204.67633024603128 22.23364353552461 3.3657072260975829 48.367414310574532 88.114265620708466 2193.6409492939711 11.184692189097403 93.637061849236488 234.12166661024094 3.8609415367245674 6.9188470765948287 56.929931901395321
leaf_count=3429 6703 2867 842 1240 6069 17 4446 4797 1043 305 6184 33 5829 373 41 1409 167 632 1184 181 28 422 815 10132 47 387 967 30 81 233
internal_value=-0.000101337 -0.00543913 -0.00371009 -0.00235056 -0.00641245 -0.0146382 -0.0202405 -0.0113587 0.00451679 0.000453117 -0.0174453 -0.0031276 -0.00419558 0.0135979 0.032178 -0.0119811 -0.0226096 0.00395639 0.0100128 0.00437667 0.0365362 0.00112324 0.000668404 0.00263257 0.00345742 0.0103234 0.0147892 0.0766479 0.00535877 0.0304864
internal_weight=8200.97 3804.08 3325.21 2823.36 1152.97 329.032 240.988 501.848 4396.89 1670.39 478.872 823.938 717.843 71.8802 41.147 234.974 320.445 952.548 369.426 278.643 25.5994 253.044 93.2088 2821.72 2589.51 395.873 302.236 9.79361 26.2895 68.1146
internal_count=60933 41421 32122 26483 14029 5703 4463 5639 19512 12454 9299 8326 6578 749 376 2257 6432 5876 2447 1815 209 1606 848 12809 11766 1634 1247 71 248 280
is_linear=0
shrinkage=0.05


Tree=51
num_leaves=31
num_cat=0
split_feature=6 0 1 9 0 10 10 0 0 1 10 0 9 10 9 10 6 2 11 1 9 10 2 2 1 10 9 0 0 9
split_gain=73.8829 27.8569 12.7994 10.4848 10.3484 9.14891 8.58911 8.01898 7.53124 7.18739 6.94502 7.19991 6.59369 6.78382 6.4381 6.38572 6.36468 6.04298 5.39675 13.1104 9.68431 8.65759 11.4188 21.3251 11.1429 9.0858 6.93339 6.60571 6.30043 5.79654
threshold=1.0000000180025095e-35 0.61565050000000021 0.92011500000000013 0.42525000000000007 0.47147250000000007 0.42735000000000006 0.40325000000000005 0.62860350000000009 0.3474810000000001 0.97302850000000018 0.40125000000000005 0.64796850000000006 0.50845000000000007 0.43595000000000006 0.43765000000000004 0.41725000000000007 0.080540500000000015 0.33465000000000006 0.94500000000000017 0.88204450000000012 0.47215000000000007 0.40095000000000008 0.90115000000000012 0.93725000000000014 0.8727545000000001 0.39875000000000005 0.58605000000000007 0.56319350000000012 0.49563750000000006 0.63375000000000015
decision_type=2 2 2 2 2 2 2 2 2 2 2 2 2 2 2 2 2 2 2 2 2 2 2 2 2 2 2 2 2 2
left_child=1 4 3 16 14 18 7 -4 15 12 -3 -12 -8 -14 -1 17 -2 -5 19 21 27 25 26 -24 -25 -6 28 -21 -23 -28
right_child=2 10 6 8 5 -7 9 -9 -10 -11 11 -13 13 -15 -16 -17 -18 -19 -20 20 -22 22 23 24 -26 -27 29 -29 -30 -31
leaf_value=-0.020032700665339784 -0.042700329722909477 -0.0091665078600758516 -0.03663522316424328 0.038486804535554156 -0.0033859327698478798 -0.015772932049343748 0.0019048005291183974 0.054588685584820308 0.0042449581811010014 -0.028180771170080828 -0.012647695270831399 -0.0273230723598505 -0.014540522081952426 0.035783579272133853 0.01051731834701811 -0.0072388082186678601 -0.0066222449873325311 0.012447176615756827 -0.0011171884651771603 -0.0028380641192610359 -0.023380240682436517 -0.062320933879412448 0.19989745790021565 0.0036374216350474687 0.13008817215718224 -0.043123591722436301 0.090527480785656395 -0.020073762164103549 0.0031515607289031482 0.0056496241421398726
leaf_weight=19.251698933541775 15.389234792441128 198.87014951184392 27.988949514925483 24.312061235308647 707.67707467824221 180.48552840575576 494.16353034228086 2.6359001174569121 4073.472954582423 24.577091906219721 148.08945683389902 191.85402710363269 107.4905094280839 7.141649901866912 165.48627109825611 37.733925074338913 59.443202957510948 266.61275286972523 904.65870625153184 198.07373587414622 152.5408624894917 3.9278354644775382 2.1374387219548199 9.1594688855111581 2.1514007449150094 14.683081876486538 4.0444196425378305 77.279658667743206 56.959102492779493 4.0018008649349213
leaf_count=118 118 3911 151 128 7726 2476 2890 22 18048 263 2982 4580 539 34 846 159 291 1208 7495 2382 1986 25 23 101 26 165 40 1481 679 40
internal_value=-9.82704e-05 -0.00627552 0.00355611 0.00451692 -0.00405509 -0.00496283 -0.00292203 -0.0287835 0.0048324 -0.00167158 -0.0165883 -0.02093 -0.000601403 -0.0114053 0.00733368 0.0121132 -0.0140417 0.0146233 -0.00404997 -0.0062024 -0.013274 -0.00244229 0.0129146 0.0550595 0.0276892 -0.00419366 0.00469242 -0.00767537 -0.00107209 0.0483133
internal_weight=8182.29 3041.33 5140.96 4476.96 2502.52 2317.78 663.998 30.6248 4402.13 633.373 538.814 339.943 608.796 114.632 184.738 328.659 74.8324 290.925 2137.29 1232.64 427.894 804.742 82.3815 13.4483 11.3109 722.36 68.9332 275.353 60.8869 8.04622
internal_count=60933 37082 23851 19952 25609 24645 3899 173 19543 3726 11473 7562 3463 573 964 1495 409 1336 22169 14674 5849 8825 934 150 127 7891 784 3863 704 80
is_linear=0
shrinkage=0.05


Tree=52
num_leaves=31
num_cat=0
split_feature=6 0 6 8 11 10 1 9 2 11 10 10 9 9 10 0 1 0 1 8 2 9 1 2 2 2 0 0 1 2
split_gain=66.9718 26.0835 12.1893 10.0112 9.79582 9.76227 8.41815 7.2203 6.85823 10.223 8.88308 9.78499 7.73345 10.5161 11.837 9.16308 7.60507 8.27925 6.92296 12.9136 6.8204 7.69172 8.76019 8.36188 7.48934 6.79547 21.059 15.1045 6.73774 10.1038
threshold=1.0000000180025095e-35 0.58179300000000012 0.25290700000000005 1.0000000180025095e-35 0.81000000000000016 0.41725000000000007 0.96786950000000005 0.37875000000000009 0.49285000000000007 0.94500000000000017 0.37445000000000006 0.37295000000000006 0.39735000000000004 0.41825000000000007 0.41255000000000003 0.64448650000000007 0.90628750000000002 0.62759600000000015 0.80333000000000021 1.0000000180025095e-35 0.8640500000000001 0.53095000000000014 0.85013450000000013 0.75245000000000006 0.59745000000000015 0.87215000000000009 0.66969600000000007 0.64907650000000017 0.88492850000000012 0.47705000000000003
decision_type=2 2 2 2 2 2 2 2 2 2 2 2 2 2 2 2 2 2 2 2 2 2 2 2 2 2 2 2 2 2
left_child=1 3 6 -1 20 8 28 -8 10 18 11 -3 -11 14 15 16 17 -14 19 -10 21 -4 23 24 -23 27 -27 -16 -2 -30
right_child=2 5 4 -5 -6 -7 7 -9 9 12 -12 -13 13 -15 25 -17 -18 -19 -20 -21 -22 22 -24 -25 -26 26 -28 -29 29 -31
leaf_value=0.00034256318851527478 0.0043033175420326723 0.01667209005499706 -0.0058220483784817353 -0.006589463208931938 0.0084147143708307101 -0.021863092698283591 0.047321639483039801 -0.030111062107865034 0.19523805332518274 -0.03468411736451902 -0.0059008470753939878 0.12784040575767339 0.044222264247838719 -0.0095603112540645838 0.25096310538118971 -0.030993523521214417 0.0070018478934777521 0.20561932046479106 -0.027734385381335037 -0.026332825042186266 -0.014394883221393102 0.0046231398555016366 0.033113226336019499 0.035133053317771577 -0.036510596875772405 -0.053576286287596975 0.21409152120525496 -0.0017262937795508859 -0.010406776603210169 0.0011676232342400842
leaf_weight=1114.028967410326 1530.6333383098245 20.390789024531845 120.01291058957577 978.16162338852882 1473.0441429540515 231.19317089393735 3.3261266425251952 31.731365170329809 1.0060560293495646 27.502218011766672 171.07759959623218 2.192230597138404 2.5248179137706814 334.41739298403263 1.4757151640951627 9.2969998642802221 7.3523245230317116 1.1594849079847334 116.85535513609648 1.898599699139595 76.175087124109268 42.221292212605476 35.051902875304222 15.60547713935375 14.996356680989264 2.1130968108773236 1.1266068145632742 0.98687445372343052 214.03896947205067 1583.3001064881682
leaf_count=9076 6707 290 539 10611 6292 5055 33 328 18 575 2795 30 33 5540 23 208 109 21 2571 40 328 184 150 66 63 36 28 23 1235 7926
internal_value=-9.51286e-05 -0.00599826 0.00337862 -0.00289837 0.00672813 -0.0129528 0.00160866 -0.0227645 -0.0100157 -0.0130693 -0.00201017 0.0274637 -0.00912732 -0.00717736 0.0234303 0.00557691 0.036383 0.0950154 -0.0258391 0.0504104 -0.00144258 0.00288694 0.0125758 0.00269059 -0.00615773 0.0870933 0.0395052 0.149699 0.00186541 -0.000210732
internal_weight=8164.9 3024.76 5140.14 2092.19 1777.11 932.569 3363.03 35.0575 701.376 507.716 193.661 22.583 387.956 360.453 26.0359 20.3336 11.0366 3.6843 119.76 2.90466 304.063 227.888 107.875 72.8231 57.2176 5.70229 3.2397 2.46259 3327.97 1797.34
internal_count=60933 37082 23851 19687 7622 17395 16229 361 12340 9225 3115 320 6596 6021 481 371 163 54 2629 58 1330 1002 463 313 247 110 64 46 15868 9161
is_linear=0
shrinkage=0.05


Tree=53
num_leaves=31
num_cat=0
split_feature=6 0 2 0 11 2 10 9 10 10 1 1 2 8 2 9 0 8 9 10 2 10 1 0 1 0 2 9 6 1
split_gain=61.1287 26.0173 12.2946 10.7518 10.3897 10.3727 10.1651 9.79122 9.44438 9.12885 8.95727 8.95403 8.6162 16.8133 10.9831 10.2754 9.39681 8.60155 9.35818 11.5607 8.47564 8.26852 12.6334 10.3302 8.95476 8.07384 8.03321 7.94814 7.93509 7.78634
threshold=0.084523500000000015 0.63489750000000011 0.9738500000000001 0.54799150000000008 0.94500000000000017 0.36535000000000006 0.35585000000000006 0.52195000000000014 0.37855000000000005 0.40125000000000005 0.78214150000000016 0.86751350000000016 0.46625000000000005 1.0000000180025095e-35 0.39975000000000005 0.56245000000000012 0.38803850000000006 1.0000000180025095e-35 0.37305000000000005 0.40095000000000008 0.68525000000000014 0.39225000000000004 0.89251350000000007 0.54255300000000017 0.94302000000000008 0.53070750000000011 0.55515000000000014 0.44365000000000004 0.065591500000000011 0.89571000000000012
decision_type=2 2 2 2 2 2 2 2 2 2 2 2 2 2 2 2 2 2 2 2 2 2 2 2 2 2 2 2 2 2
left_child=1 2 3 17 5 -5 -4 -6 26 -3 -7 -9 13 14 15 -10 -17 21 19 20 -19 29 -23 25 -25 -24 -2 -14 -11 -1
right_child=8 9 6 4 7 10 -8 11 12 28 -12 -13 27 -15 -16 16 -18 18 -20 -21 -22 22 23 24 -26 -27 -28 -29 -30 -31
leaf_value=0.0017746987048286107 0.014063582032742966 -0.0060490481622894245 0.0052788272363778312 0.0013816099275443252 0.00074533883342659327 0.12072197359615754 -0.013760757201689486 0.00060858628046064759 -0.00033538805263843988 -0.023415816828621469 -0.019550383190079103 -0.019420078526039507 -0.0067969939881600654 -0.031643735889092868 -0.013287273021341523 0.04954343997100108 0.0093589061954089461 0.017760529346108667 -0.0054687405945028425 -0.010096863960045287 0.070148001530961623 0.025615172192632027 0.0054706635790640282 0.04522282843730524 -0.043524542139302028 -0.017377562209322756 0.005096239404367744 0.0043405995350983707 0.0053379966099796573 -0.018915177432621538
leaf_weight=533.44295953214169 347.45733058452606 155.3981989659369 84.6056799441576 87.035280641168356 585.45882918685675 1.143712706863879 408.97567355632782 93.17528497427702 274.34112958610058 278.60079510882497 230.93063716962934 139.12359792366624 171.30180732160807 47.942542485892773 124.50236789137125 20.533823952078819 49.905340053141117 31.551897451281548 638.51635619997978 30.020950976759195 10.222044020891188 92.099844470620155 204.97888097912073 22.869914550334219 3.2457874566316596 47.653541970998049 888.10658963024616 2468.4118251129985 26.255084071308374 49.711062297224998
leaf_count=3121 1533 2867 842 1240 6069 17 4797 848 1310 6184 4446 1409 944 250 583 102 223 305 5829 373 71 632 1184 181 28 422 3755 10812 248 308
internal_value=-9.23146e-05 -0.00477646 -0.00322091 -0.00193881 -0.00568684 -0.0133386 -0.0104971 -0.00270095 0.00391201 -0.0159119 -0.0188591 -0.0113866 0.00246157 -0.00343953 -0.000558154 0.00403841 0.0210732 0.000621419 -0.00354431 0.0135708 0.0305797 0.00372305 0.00956023 0.00425559 0.0341929 0.00116085 0.00761798 0.00361784 -0.0209395 1.09867e-05
internal_weight=8147.52 3755.02 3294.76 2801.18 1136.87 319.11 493.581 817.758 4392.5 460.254 232.074 232.299 3156.94 517.225 469.283 344.78 70.4392 1664.31 710.311 71.7949 41.7739 954.002 370.848 278.748 26.1157 252.632 1235.56 2639.71 304.856 583.154
internal_count=60933 41421 32122 26483 14029 5703 5639 8326 19512 9299 4463 2257 14224 2468 2218 1635 325 12454 6578 749 376 5876 2447 1815 209 1606 5288 11756 6432 3429
is_linear=0
shrinkage=0.05


Tree=54
num_leaves=31
num_cat=0
split_feature=6 0 0 2 9 1 0 2 9 9 10 2 0 9 2 10 10 10 9 10 1 11 1 9 2 10 9 2 8 2
split_gain=55.5503 22.7435 10.6546 9.74508 10.0138 11.8561 8.22531 10.3808 9.9424 8.62125 8.16653 7.94236 7.93247 7.70875 7.32703 7.04135 21.7917 9.99572 6.89649 9.2402 7.49672 6.69349 9.01985 7.37183 7.36058 7.09622 9.89198 6.84975 6.57813 13.1068
threshold=0.030776500000000002 0.62051900000000015 0.56282700000000008 0.92975000000000008 0.40085000000000004 0.89127050000000019 0.52759550000000011 0.70635000000000014 0.51105000000000012 0.67910000000000015 0.40355000000000008 0.43025000000000008 0.44365150000000003 0.37535000000000007 0.70055000000000012 0.37445000000000006 0.37095000000000006 0.39285000000000009 0.6926000000000001 0.41485000000000005 0.8438675000000001 0.81000000000000016 0.90628750000000002 0.32445000000000007 0.60915000000000008 0.36135000000000006 0.52285000000000015 0.75005000000000011 1.0000000180025095e-35 0.25610000000000005
decision_type=2 2 2 2 2 2 2 2 2 2 2 2 2 2 2 2 2 2 2 2 2 2 2 2 2 2 2 2 2 2
left_child=1 3 -2 6 -5 18 7 8 13 21 11 15 -10 -1 -4 16 -3 -17 19 -6 -21 22 28 -24 -25 -23 -27 -28 -8 -30
right_child=2 10 14 4 5 -7 9 -9 12 -11 -12 -13 -14 -15 -16 17 -18 -19 -20 20 -22 25 23 24 -26 26 27 -29 29 -31
leaf_value=0.00974227666654158 0.0041703057849731958 -0.0085990117154422369 -0.0078385667200149053 -0.021134933766535125 0.0024658865787318632 -0.016164521700190757 5.1202376728156681e-06 0.0082900487598249733 0.035063569032020812 0.089411146143569972 -0.020991006190523874 -0.013505867142186609 0.0025579880148396336 -0.0099260726175416196 0.0014535139542363692 -0.023187151293128955 0.21130206596018364 0.024063834439810857 -0.02252837582104834 -0.0053155036155826873 0.09518985113484596 0.017459333423411934 0.042023968604076506 -0.012152680068610686 -0.045015786347388342 0.00010125583523236148 -0.0069740486808152749 -0.028421679907033565 0.026726264439044883 -0.023389719251081832
leaf_weight=57.721360631287098 4170.1200658306479 3.3460489995777598 321.6760322637856 138.77617406472564 203.73026585951447 157.58977653086185 145.67882733419538 338.41201142221689 20.207592606544495 2.3953671045601359 278.70973804220557 151.59393242374063 263.56951795518398 363.85098381340504 623.07663059979677 20.063596740365028 1.6985045559704302 25.314587902277708 26.506626721471548 2.9677036292850962 4.9501883536577225 41.395092897117138 3.6849024929106227 30.425803974270821 38.724733386188745 421.86548669263721 108.49893004074693 56.671103939414024 15.19499947875738 92.25416362285614
leaf_count=618 17983 57 2037 2109 2070 1812 2013 2332 90 25 6619 3141 1881 3303 3686 375 28 493 235 34 58 362 72 545 805 4539 1104 625 172 1710
internal_value=-8.93527e-05 -0.00547163 0.00308411 -0.00358081 -0.00957817 -0.00552555 -0.0019784 0.00109118 -0.00236268 -0.005327 -0.0154427 -0.00778814 0.00487269 -0.0072331 -0.00171032 0.00940197 0.0654418 0.00317219 0.00151438 0.00452548 0.0575195 -0.00556478 -0.0113788 -0.0268842 -0.0305562 -0.00254908 -0.00395998 -0.0143329 -0.00691724 -0.0163025
internal_weight=8130.67 3015.8 5114.87 2535.07 534.521 395.745 2000.55 1043.76 705.349 956.789 480.726 202.017 283.777 421.572 944.753 50.4227 5.04455 45.3782 238.155 211.648 7.91789 954.394 325.963 72.8354 69.1505 628.431 587.036 165.17 253.128 107.449
internal_count=60933 37227 23706 26514 6318 4209 20196 8224 5892 11972 10713 4094 1971 3921 5723 953 85 868 2397 2162 92 11947 5317 1422 1350 6630 6268 1729 3895 1882
is_linear=0
shrinkage=0.05


Tree=55
num_leaves=31
num_cat=0
split_feature=6 0 2 9 0 11 1 2 1 7 10 2 1 1 9 6 0 9 1 2 2 2 9 10 6 1 10 5 0 2
split_gain=50.6812 22.5098 10.4972 9.2106 8.94625 10.0307 8.89421 8.50175 8.29263 11.7549 8.24665 7.99288 12.7387 7.9842 7.35715 7.1642 7.31406 7.00412 7.49655 6.84039 16.3539 6.78085 7.12021 7.03077 6.6871 6.67257 6.58654 6.36537 6.35958 6.35913
threshold=0.084523500000000015 0.63489750000000011 0.9738500000000001 0.42645000000000005 0.53183350000000018 0.94500000000000017 0.91897950000000017 0.56425000000000014 0.88448700000000013 0.95505050000000014 0.40125000000000005 0.50975000000000015 0.8290995000000001 0.9797975000000001 0.48915000000000003 0.065591500000000011 0.67289250000000012 0.52195000000000014 0.86797950000000013 0.93165000000000009 0.8519500000000001 0.53725000000000012 0.51105000000000012 0.32035000000000008 0.54006450000000006 0.81381700000000012 0.34525000000000006 0.41666650000000005 0.53700950000000003 0.5686500000000001
decision_type=2 2 2 2 2 2 2 2 2 2 2 2 2 2 2 2 2 2 2 2 2 2 2 2 2 2 2 2 2 2
left_child=1 2 4 -4 7 11 14 21 9 -5 -3 13 -13 -6 -2 -12 19 28 -19 20 -17 22 23 -1 25 -16 -25 -27 -7 -9
right_child=6 10 3 8 5 17 -8 29 -10 -11 15 12 -14 -15 24 16 -18 18 -20 -21 -22 -23 -24 26 -26 27 -28 -29 -30 -31
leaf_value=-0.033734766686931247 -0.00070348466631296378 -0.0054912723687744365 -0.018931603616946735 -0.01333911042676701 -0.0033481915141832679 -0.021765274014972434 -0.0027181755942386971 0.05728778301313836 -0.013914330505222153 0.012975985367689897 -0.022216717189966324 0.030759201418159576 -0.019171569846509605 0.11239811558029465 -0.0036785190625996038 0.0067884189931711365 -0.040208547547624041 0.00086985300212058894 -0.015351632063759528 -0.029146066065188228 0.12816366406773247 -0.025256599950346726 0.0045183424618391371 0.018947008882042871 0.013605747802116527 0.028647172044670367 -0.0070349572316116653 0.0050930572544378898 0.0019726656270736679 0.0040833693531488772
leaf_weight=22.564287595450878 605.71532295644283 153.69858326017857 174.10751812905073 70.367740638554096 155.69098918139935 29.493107430636883 501.00223356485367 5.6564488783478728 135.04818789660931 106.91800172999501 268.53347201645374 13.48106614500284 243.58433448523283 1.5042953975498665 221.416554287076 10.807181410491472 6.6535921171307555 125.53505446761847 164.62241944298148 5.1403556913137427 3.7341522052884093 33.493979766964912 237.71385289728642 26.636570297181606 225.3646796643734 28.979328691959381 289.51060894876719 2808.4567644968629 651.15690891817212 789.17955638468266
leaf_count=240 2800 2867 2595 668 2256 184 2660 37 1316 1060 6184 204 4503 24 937 95 81 1050 1585 43 29 226 1583 276 1044 136 2716 11935 6490 5109
internal_value=-8.69414e-05 -0.00437691 -0.00293868 -0.00971652 -0.00175688 -0.00460834 0.00355224 0.00105461 -0.00457966 0.00253107 -0.0148815 -0.0111221 -0.0165531 -0.00224055 0.00435984 -0.019776 0.00511078 -0.00182882 -0.00833349 0.0204314 0.0379571 -0.00338583 -0.002115 -0.0067704 0.00529367 0.00468127 -0.00484588 0.00533362 0.000944082 0.004462
internal_weight=8115.77 3724.83 3276.26 486.441 2789.82 1385.07 4390.93 1404.76 312.334 177.286 448.567 414.261 257.065 157.195 3889.93 294.869 26.3353 970.807 290.157 19.6817 14.5413 609.919 576.425 338.711 3284.22 3058.85 316.147 2837.44 680.65 794.836
internal_count=60933 41421 32122 5639 26483 16296 19512 10187 3044 1728 9299 6987 4707 2280 16852 6432 248 9309 2635 167 124 5041 4815 3232 14052 13008 2992 12071 6674 5146
is_linear=0
shrinkage=0.05


Tree=56
num_leaves=31
num_cat=0
split_feature=6 0 6 8 6 8 2 10 9 0 6 10 6 10 9 9 2 9 7 0 2 11 0 1 1 10 1 9 2 9
split_gain=45.9241 19.702 9.54053 9.8887 10.3518 8.9816 8.64279 7.72053 9.10101 11.0474 7.32533 7.26649 7.11012 6.51121 7.066 11.6731 6.4834 6.43959 8.65625 10.652 8.01171 7.5848 7.96172 8.39634 7.14931 6.99613 6.5946 6.55017 6.53108 6.39904
threshold=0.030776500000000002 0.58075300000000019 0.26201400000000002 1.0000000180025095e-35 0.31909100000000007 1.0000000180025095e-35 0.82545000000000013 0.38375000000000004 0.38395000000000007 0.6065735000000001 0.30368900000000004 0.43105000000000004 0.27386350000000009 0.41695000000000004 0.40085000000000004 0.48835000000000006 0.52855000000000008 0.56145000000000012 0.82426450000000007 0.57864500000000019 0.85985000000000011 0.94500000000000017 0.59492350000000005 0.84940800000000005 0.85805450000000005 0.38305000000000006 0.8731620000000001 0.58045000000000013 0.98565000000000014 0.54495000000000016
decision_type=2 2 2 2 2 2 2 2 2 2 2 2 2 2 2 2 2 2 2 2 2 2 2 2 2 2 2 2 2 2
left_child=1 5 11 -4 10 -1 7 8 9 -3 12 16 -5 14 -8 -16 29 21 19 20 -19 -18 23 -23 -21 -20 -22 -26 -24 -2
right_child=2 6 3 4 -6 -7 13 -9 -10 -11 -12 -13 -14 -15 15 -17 17 18 25 24 26 22 28 -25 27 -27 -28 -29 -30 -31
leaf_value=0.00074929942125872282 -0.0074847048946181912 0.19260442770293779 0.0078460180594007289 0.024129735907700726 -0.0064910246140063507 -0.0058513039118964494 -0.032147543547951171 -0.0099101030188415498 0.0027711492896736948 0.0045822032025007982 0.032237430481921424 -0.011138149800302895 -0.0058085530168561815 -0.02696090078343415 0.0011749763063425601 -0.02179973971375038 -0.016585497063704765 -0.0056116214681249466 -0.0034573050432399628 -0.014619409339803111 0.020132245508635797 0.022135601876515604 0.00010626054110290885 0.0051631206498608494 0.018819867149040687 -0.021234539771658262 -0.0044468071871711229 0.083949591817924329 -0.020975231952005034 0.0027033683381562515
leaf_weight=1111.6815282478929 343.24499171972275 1.4182737916707986 1344.5337790325284 29.361056372523308 275.59254936873913 960.81447768956423 39.374925889074802 439.62433444336057 96.476988073438406 1.7392907850444315 30.515978559851646 114.5058536529541 61.104971453547478 113.23705876991153 122.72419860586524 100.61385363712907 43.235375970602036 155.48197063803673 250.66036042571068 4.7240328341722515 78.385431304574013 76.362399622797966 260.76570103690028 1592.5733416974545 6.8474317491054526 71.025798439979553 41.864762470126152 8.8495994061231595 42.763415332883596 279.7276242300868
leaf_count=9033 1849 22 5819 124 1175 10583 923 8393 1489 37 127 851 255 2704 2293 1750 194 640 1076 21 325 321 1711 7055 32 318 171 39 311 1292
internal_value=-8.41822e-05 -0.00500893 0.00279401 0.00579956 -0.0011387 -0.00231076 -0.011119 -0.00706198 0.005505 0.0890356 0.0110537 0.00124167 0.00390802 -0.0169383 -0.0126182 -0.00917514 0.00167697 0.00276204 -0.00170381 0.00446434 0.00188373 0.00413089 0.00458498 0.0059397 0.0393087 -0.00738238 0.0115751 0.0555384 -0.00286386 -0.00291005
internal_weight=8099.83 2987.7 5112.13 1741.11 396.575 2072.5 915.209 539.259 99.6346 3.15756 120.982 3371.02 90.466 375.95 262.713 223.338 3256.51 2633.54 617.839 296.153 275.732 2015.7 1972.46 1668.94 20.4211 321.686 120.25 15.697 303.529 622.973
internal_count=60933 37227 23706 7500 1681 19616 17611 9941 1548 59 506 16206 379 7670 4966 4043 15355 12214 2622 1228 1136 9592 9398 7376 92 1394 496 71 2022 3141
is_linear=0
shrinkage=0.05


Tree=57
num_leaves=31
num_cat=0
split_feature=6 0 2 0 10 11 2 10 1 1 1 9 1 1 4 2 10 2 9 8 1 1 0 6 2 1 0 1 2 9
split_gain=41.8812 19.6507 10.8111 10.1159 9.41798 8.85679 11.7382 8.06534 7.68084 8.64678 7.60668 8.7078 8.11771 7.6036 7.53863 7.49598 8.93172 11.4088 7.85365 9.74095 9.4744 7.41774 7.10272 9.16563 7.5058 7.04408 8.2432 9.52976 9.42871 8.21338
threshold=0.084523500000000015 0.65997900000000009 0.9738500000000001 0.54799150000000008 0.35585000000000006 0.94500000000000017 0.36535000000000006 0.37855000000000005 0.86040700000000003 0.81381700000000012 0.86097250000000014 0.60950000000000015 0.86217350000000004 0.95794050000000008 0.67816091954023006 0.6492500000000001 0.44805000000000006 0.96635000000000015 0.54305000000000014 1.0000000180025095e-35 0.83422650000000009 0.78214150000000016 0.53183350000000018 0.092329500000000023 0.19855000000000003 0.89497250000000006 0.63265300000000013 0.85485350000000004 0.29075000000000006 0.54585000000000006
decision_type=2 2 2 2 2 2 2 2 2 2 2 2 2 2 2 2 2 2 2 2 2 2 2 2 2 2 2 2 2 2
left_child=1 2 3 13 -4 6 -5 8 9 -2 -10 12 -12 14 -1 18 -17 -18 20 25 -9 -8 23 -11 -25 26 27 28 -20 -30
right_child=7 -3 4 5 -6 -7 21 15 10 22 11 -13 -14 -15 -16 16 17 -19 19 -21 -22 -23 -24 24 -26 -27 -28 -29 29 -31
leaf_value=0.0019204851130510147 0.00093125830725101523 -0.018662893834546071 0.0054423209151539739 0.0030172381134528289 -0.012840438088743807 -0.0028592527931233288 0.10207846518078088 -0.055752547797150179 -0.044026960843534649 0.057020104299957908 0.045988660777918286 -0.018641816382142198 0.0028098959484150082 -0.034055604235572121 -0.01123350577494462 0.0037465845699337359 -0.064998413512708991 0.054307407816446829 0.031381138059688375 -0.019476632305527986 -0.0042831909446526565 -0.018869415190653771 -0.0036567237244504941 0.048304069390763447 0.01162576188767013 -0.011352520252320145 -0.060862379500650259 0.019946535556330032 0.058309309878230457 -0.011125492698812885
leaf_weight=1527.3411256335676 257.71791462600231 215.22666781768203 84.393421526998281 89.839172579348087 426.00679983571172 985.71563850343227 1.2745739109814156 9.0698901265859586 9.7835730314254743 11.763884320855139 11.494106680154799 46.996712908148766 205.44574106484652 15.631066020578144 117.28667632490396 2171.0038265734911 9.408951733261345 2.5460274517536154 19.436527386307716 37.706208936870098 629.9948371425271 234.92638057842851 68.455221846699715 14.276631936430929 606.32770775258541 42.392656110227108 3.9643161147832862 147.17477513849735 4.5051748454570761 77.94202022254467
leaf_count=10944 1123 5143 850 1299 5380 11450 17 40 41 48 49 198 864 191 1319 9624 75 20 92 167 2990 4828 309 63 2593 195 29 637 19 336
internal_value=-8.10816e-05 -0.00400103 -0.00309487 -0.00194036 -0.00981743 -0.00522213 -0.0123658 0.00322259 0.00665292 0.00876238 -0.0007342 0.000870571 0.00509763 0.000652531 0.000982408 0.00188285 0.00350925 -0.0395901 -0.00176908 0.00445539 -0.00501367 -0.0182168 0.0116422 0.0132983 0.0124695 0.00751002 0.0106703 0.0118089 5.38909e-05 -0.00733136
internal_weight=8085.05 3697.64 3482.41 2972.01 510.4 1311.76 326.04 4387.41 1232.26 958.541 273.72 263.937 216.94 1660.26 1644.63 3155.15 2182.96 11.955 972.186 333.122 639.065 236.201 700.823 632.368 620.604 295.415 253.023 249.058 101.884 82.4472
internal_count=60933 41421 36278 30048 6230 17594 6144 19512 5288 4136 1152 1111 913 12454 12263 14224 9719 95 4505 1475 3030 4845 3013 2704 2656 1308 1113 1084 447 355
is_linear=0
shrinkage=0.05


Tree=58
num_leaves=31
num_cat=0
split_feature=0 0 11 1 0 2 2 0 2 0 0 1 10 10 7 8 2 2 9 0 0 9 10 1 6 11 0 6 2 11
split_gain=38.2068 19.5121 17.5748 14.8208 9.67574 10.45 7.96608 8.85928 9.32314 7.92577 7.76677 8.67401 7.74461 7.20273 6.03647 5.94415 12.8704 10.8936 7.59041 8.79597 7.32116 7.07073 7.6648 11.1963 6.3439 6.97418 7.16742 6.74353 5.93687 8.70146
threshold=0.49563750000000006 0.65997900000000009 0.94500000000000017 0.88204450000000012 0.5531775000000001 0.58155000000000012 0.37185000000000007 0.63904900000000009 0.68525000000000014 0.61358250000000014 0.63697850000000011 0.9797975000000001 0.40355000000000008 0.36805000000000004 0.76095250000000014 1.0000000180025095e-35 0.29075000000000006 0.31035000000000007 0.55705000000000016 0.46807400000000005 0.29514450000000009 0.62515000000000009 0.41025000000000006 0.88651150000000012 0.53589750000000003 0.65000000000000002 0.3804840000000001 0.71825400000000006 0.14465000000000003 0.94500000000000017
decision_type=2 2 2 2 2 2 2 2 2 2 2 2 2 2 2 2 2 2 2 2 2 2 2 2 2 2 2 2 2 2
left_child=15 2 3 9 -5 10 -4 -8 -9 -2 11 -6 -12 -7 -10 17 -17 18 28 -20 -19 22 -18 -24 -22 26 -26 -27 -1 -30
right_child=1 -3 6 4 5 13 7 8 14 -11 12 -13 -14 -15 -16 16 21 20 19 -21 24 -23 23 -25 25 27 -28 -29 29 -31
leaf_value=0.03044949633079699 -0.0022336081899082321 -0.016714490659953275 -0.0068555321875225176 -0.0080671036160933612 -0.01256117765380281 0.16924353372340534 0.0015161275248446579 -0.030008033411112918 0.08796377517414089 -0.031465608046495681 0.15678887296534771 0.10712489461848532 -0.012854211341635259 -0.031073655371091344 -0.0047022005730051235 -0.032581985632004117 0.0057205867795623545 0.021301978850396121 0.031604934545384544 -0.0084027528254106698 0.0030114740321202926 -0.01144691166432445 -0.042479567714323485 -0.0005990145608736027 -0.057880741448428898 0.013456159138903023 0.0052452612788956403 0.042644403087123403 -0.022608904634177002 0.010967463323732402
leaf_weight=22.101841270923615 849.80340061709285 243.4025937654078 389.07046066224575 290.2093469388783 61.703940622508526 0.45026180893182655 2619.0422364734113 43.861446272581816 1.7808760553598393 23.838526956737041 1.4297249354422086 1.5518873929977406 1.270722012966871 133.28807849064469 133.59576697647572 28.872309662401676 527.44239833205938 61.017198786139488 89.690199539065361 16.223464593291283 2088.3269062489271 92.212880611419678 20.504861950874329 71.973472289741039 4.8702319264411917 70.171455174684525 58.615973100066185 27.560510814189911 26.622207887470722 70.116852432489395
leaf_count=111 9727 5395 3353 3365 1050 9 17197 682 8 582 28 24 32 3003 2104 154 2294 303 418 74 9026 410 92 316 21 322 248 140 136 309
internal_value=-7.79822e-05 -0.0029219 -0.00218421 -0.0069348 -0.013896 -0.0223669 -0.000151919 0.000780145 -0.00997409 -0.00303124 -0.00607975 -0.00962486 0.0769616 -0.0303992 -0.00348318 0.00408358 0.000144208 0.00523495 0.0157435 0.0254767 0.00421275 0.00147104 0.00339258 -0.00988503 0.00374922 0.0133056 0.000402662 0.0216873 0.00706907 0.00172738
internal_weight=8070.62 4794.3 4550.9 1363.55 489.904 199.695 3187.35 2798.28 179.238 873.642 65.9563 63.2558 2.70045 133.738 135.377 3276.32 741.006 2535.32 224.755 105.914 2310.56 712.134 619.921 92.4783 2249.55 161.218 63.4862 97.732 118.841 96.7391
internal_count=60933 46559 41164 17820 7511 4146 23344 19991 2794 10309 1134 1074 60 3012 2112 14374 3266 11108 1048 492 10060 3112 2702 408 9757 731 269 462 556 445
is_linear=0
shrinkage=0.05


Tree=59
num_leaves=31
num_cat=0
split_feature=6 0 2 9 11 0 6 9 11 8 9 1 10 2 2 1 9 10 0 11 6 1 9 0 0 8 9 2 2 0
split_gain=35.1542 17.9756 9.63522 8.87593 6.7984 6.44135 7.6093 7.06579 6.40572 9.17963 8.80465 7.27435 7.20254 7.14051 6.6077 6.15458 8.73209 8.5139 7.03237 6.50658 6.10231 6.08993 6.12887 7.55667 9.95668 7.5308 6.15611 12.6732 5.51896 6.85279
threshold=0.12973350000000003 0.61565050000000021 0.93535000000000013 0.39905000000000007 0.94500000000000017 0.65997900000000009 0.074537000000000006 0.50755000000000006 0.94500000000000017 1.0000000180025095e-35 0.50665000000000016 0.76849350000000005 0.37045000000000006 0.65245000000000009 0.12385 0.88611750000000011 0.52785000000000015 0.41485000000000005 0.41635200000000006 0.49000000000000005 0.74166650000000012 0.95191550000000014 0.40775000000000006 0.55677650000000012 0.58179300000000012 1.0000000180025095e-35 0.38785000000000008 0.81685000000000008 0.97825000000000006 0.42870950000000002
decision_type=2 2 2 2 2 2 2 2 2 2 2 2 2 2 2 2 2 2 2 2 2 2 2 2 2 2 2 2 2 2
left_child=1 2 21 -4 -3 -6 -7 -8 9 10 14 -12 13 -11 -2 16 17 19 -17 -5 -13 -1 23 -23 26 -26 -25 -28 -18 -30
right_child=8 4 3 15 5 6 7 -9 -10 12 11 20 -14 -15 -16 18 28 -19 -20 -21 -22 22 -24 24 25 -27 27 -29 29 -31
leaf_value=3.5380155087534758e-06 0.044005289256376839 -0.027080470411636817 -0.018443336641050981 -0.0065157916987584816 -0.0053287669876500646 -0.019108868633982722 -0.004843411720696098 0.057185305393606028 0.0044347196304009252 0.054147674873809254 -0.027335285500140073 0.0049961844726153686 -0.02618810414199603 -0.0084624831108952876 -0.0094199607841045866 -0.097286318817086492 -0.021937323874640164 0.087477643675222788 -0.0081308212769765041 0.016269221928586045 0.024302002551630952 -0.032500055517638786 -0.022957463696992877 0.0038420197957110382 -0.03382387552728159 0.067943885255231734 0.03779774330141579 0.19971280698719329 -0.08289429657791951 0.00098901459192111789
leaf_weight=2922.3871395885944 6.0164135247468939 55.827809326350689 132.05687404423952 48.592835836112499 430.02027499675751 197.23420977964997 19.002295482903723 6.0536926165223113 3116.4770906195045 5.7791504114866283 13.481528520584105 140.4871042817831 59.938704818487167 21.478584006428719 152.16567509621382 2.2261035144329062 44.675903417170048 3.4704259261488906 344.16654390841722 88.209572236984968 57.760232001543045 8.3785691037774104 56.711384106427431 2.5071129314601448 7.2550063543021661 2.4256461635231972 3.1737525537610054 1.9516897127032278 2.493422493338584 103.48782880976796
leaf_count=23771 26 1460 2068 571 6656 4978 180 51 13567 24 57 593 279 90 689 9 302 42 2745 672 265 106 598 33 107 34 34 22 10 894
internal_value=-7.51564e-05 -0.00302435 -0.00165281 -0.00664541 -0.0103343 -0.00890106 -0.0158117 0.0101431 0.00362398 -0.00190347 0.00153666 0.00820421 -0.0164974 0.00481204 -0.00738795 -0.00420081 0.00116061 0.0101379 -0.00870378 0.00817588 0.010621 -0.000374445 -0.0137794 0.00647997 0.025344 -0.00832429 0.0680467 0.0994525 -0.00719786 -0.000984509
internal_weight=8055.89 4482.31 3774.17 769.38 708.138 652.31 222.29 25.056 3573.58 457.107 369.911 211.729 87.1964 27.2577 158.182 637.323 290.93 140.273 346.393 136.802 198.247 3004.79 82.4032 25.6918 17.3132 9.68065 7.63256 5.12544 150.657 105.981
internal_count=60933 45343 32018 7313 13325 11865 5209 231 15590 2023 1630 915 393 114 715 5245 2491 1285 2754 1243 858 24705 934 336 230 141 89 56 1206 904
is_linear=0
shrinkage=0.05


Tree=60
num_leaves=31
num_cat=0
split_feature=0 0 11 1 0 2 2 0 2 0 2 0 1 10 10 0 10 2 10 1 1 10 6 9 9 9 0 0 0 1
split_gain=32.4909 16.5701 15.276 13.4059 9.01447 9.89972 7.22785 7.76847 8.75831 7.09979 9.79495 6.92495 7.23367 5.90539 5.84427 5.56898 22.2097 10.108 8.05312 11.5808 8.10245 8.1547 7.7721 9.39041 7.37358 12.1118 7.21362 9.79405 7.5704 13.0418
threshold=0.49563750000000006 0.65997900000000009 0.94500000000000017 0.88204450000000012 0.5531775000000001 0.58155000000000012 0.37185000000000007 0.63904900000000009 0.68525000000000014 0.60727850000000017 0.24225000000000002 0.63697850000000011 0.9797975000000001 0.36805000000000004 0.40355000000000008 0.64236800000000016 0.38685000000000008 0.23545000000000002 0.41695000000000004 0.93922100000000019 0.85683850000000017 0.39255000000000007 0.045983500000000004 0.53365000000000007 0.40435000000000004 0.39735000000000004 0.51884100000000011 0.61012850000000018 0.58075300000000019 0.90508050000000007
decision_type=2 2 2 2 2 2 2 2 2 2 2 2 2 2 2 2 2 2 2 2 2 2 2 2 2 2 2 2 2 2
left_child=-1 2 3 9 -5 11 15 -8 -9 -2 -11 12 -6 -7 -13 18 17 -17 20 26 22 -22 23 -4 25 -21 -20 28 29 -28
right_child=1 -3 6 4 5 13 7 8 -10 10 -12 14 -14 -15 -16 16 -18 -19 19 24 21 -23 -24 -25 -26 -27 27 -29 -30 -31
leaf_value=0.003765122254030489 -0.0018600637765776224 -0.015601512147244348 0.097480650626162568 -0.0075464227065503197 -0.011926932367227985 0.13843111430085661 0.0014319949181344843 -0.029136176614377247 -0.0031268948421765046 0.060804416501132656 -0.033335424726684763 0.13377032358363519 0.092655702545875629 -0.030181787019508601 -0.011300036263492533 0.029066773754652858 -0.004586117041622843 0.18415348158318406 -0.030657699922586459 -0.01965283077927573 -0.025922263108240268 -0.0076947857848196745 -0.0095929727212440401 0.013661742390472846 -0.03408635348245246 0.1619657055739615 0.0953330369731928 -0.017260928152353031 0.10278488263637378 0.00090095454427254005
leaf_weight=3271.948837287724 835.47123121097684 236.66983933933079 4.1565284878015545 287.5661408752203 60.850553527474403 0.52139019966125388 2619.3351741693914 42.631993588060141 134.42613227665424 3.0300603508949271 31.36062322370708 1.60231365263462 1.6995870992541302 128.71608554944396 1.2250155359506605 1.8054506070911909 22.259194530546665 2.513058990240097 4.4149189144372931 2.7744721099734333 101.18229671940207 155.91498228162527 29.497864931821823 17.040947247296572 16.635912727564573 1.3718772158026693 5.8212849944830003 6.1876426525413981 5.8266663178801528 9.8309164643287641
leaf_count=14374 9486 5395 37 3365 1050 9 17197 682 2112 47 776 28 24 3003 32 28 380 36 21 40 788 1321 141 148 179 17 27 77 52 61
internal_value=-7.25663e-05 -0.00270371 -0.00203071 -0.00648337 -0.0131705 -0.0214808 -0.000139725 0.000746821 -0.0093894 -0.00277654 -0.025041 -0.00562556 -0.00908526 -0.0295015 0.0709147 -0.00654187 0.0155463 0.119316 -0.00816961 0.00985873 -0.011266 -0.0148683 0.00700297 0.0300975 -0.0192177 0.0404382 0.0286943 0.0381655 0.0541328 0.0360216
internal_weight=8044.29 4772.34 4535.67 1352.04 482.181 194.615 3183.63 2796.39 177.058 869.862 34.3907 65.3775 62.5501 129.237 2.82733 387.234 26.5777 4.31851 360.656 52.8637 307.793 257.097 50.6953 21.1975 20.7823 4.14635 32.0814 27.6665 21.4789 15.6522
internal_count=60933 46559 41164 17820 7511 4146 23344 19991 2794 10309 823 1134 1074 3012 60 3353 444 64 2909 474 2435 2109 326 185 236 57 238 217 140 88
is_linear=0
shrinkage=0.05


Tree=61
num_leaves=31
num_cat=0
split_feature=6 0 2 1 6 8 6 6 10 8 6 1 9 10 1 9 1 10 2 10 0 11 2 9 10 2 10 0 6 9
split_gain=29.8269 14.3715 10.2383 7.21525 7.11539 7.78967 8.74089 6.63021 6.52195 6.43031 6.42735 6.23201 6.80738 6.19405 12.2149 6.12542 6.03079 7.33008 7.83733 5.93188 5.99374 5.80131 5.77374 5.70231 10.3157 9.29697 7.72024 6.9095 5.97199 6.09667
threshold=0.030776500000000002 0.56046800000000008 0.84355000000000013 0.9597905000000001 0.26201400000000002 1.0000000180025095e-35 0.31909100000000007 0.30368900000000004 0.41695000000000004 1.0000000180025095e-35 0.27386350000000009 0.96786950000000005 0.37875000000000009 0.38375000000000004 0.90118700000000007 0.40435000000000004 0.73372300000000013 0.37855000000000005 0.55515000000000014 0.37395000000000006 0.43071150000000008 0.94500000000000017 0.15385000000000001 0.61975000000000013 0.40915000000000007 0.90115000000000012 0.38335000000000002 0.50317750000000017 0.37089950000000005 0.47555000000000008
decision_type=2 2 2 2 2 2 2 2 2 2 2 2 2 2 2 2 2 2 2 2 2 2 2 2 2 2 2 2 2 2
left_child=1 3 13 9 11 16 7 10 -4 -1 -7 -2 -13 14 -3 21 -6 18 19 20 -18 -10 -8 24 27 26 -25 -24 -26 -30
right_child=4 2 8 -5 5 6 22 -9 15 -11 -12 12 -14 -15 -16 -17 17 -19 -20 -21 -22 -23 23 25 28 -27 -28 -29 29 -31
leaf_value=0.0020661681798423183 0.0011152919820777403 0.0024595372571146489 -0.0106267697713912 -0.031766755931474482 -0.032701074969452557 0.022370760991994906 -0.075398232041493443 0.030118351504434111 -0.038141993542170856 -0.0040139979554620177 -0.0061347039446665525 0.047308915355952524 -0.028152801153311702 -0.0072329133612977483 0.14582653932360365 -0.033610515888542213 0.02521148792739741 0.0044825915569581213 0.0076993629613077699 0.050190533808176674 -0.00062002523497886001 -0.00033853882191597781 0.010012262407638344 -0.021865130304398468 -0.0385413282728988 0.0056812783423620151 -0.075760440004439919 -0.025598945539843571 0.041746310002718487 -0.014627187176957249
leaf_weight=893.65449385344982 3332.1642940379679 163.82833147421479 317.19466390833259 19.131280332803726 9.6582479178905469 29.254760637879372 2.9857857376337043 30.343309015035629 14.070921199396251 847.00168481841683 61.025648176670074 3.3196605518460265 29.967097889631987 569.85364771261811 1.4992960579693306 71.741694575175643 86.014701068401337 920.90168187767267 273.81195102632046 16.872031033039093 30.390481650829315 36.406046619638801 126.13169376552105 35.116846039891243 23.00708195567131 26.174026265740395 8.1952633559703809 15.270179092884062 5.6333659291267386 32.266863852739334
leaf_count=6606 15845 2345 5738 266 41 124 15 127 343 8930 255 33 328 10426 25 1590 428 3942 1205 77 126 958 538 147 101 110 35 65 28 136
internal_value=-7.07629e-05 -0.00408683 -0.00836984 -0.00122808 0.00224064 0.00484357 -0.001322 0.00989828 -0.014408 -0.000892435 0.0031023 0.000900244 -0.0206271 -0.0047609 0.00375968 -0.0242213 0.0066661 0.00695241 0.0125395 0.0224835 0.0184675 -0.0108766 -0.0062475 -0.00548785 -0.00124345 -0.0178454 -0.0320629 0.00616656 -0.0184465 -0.00624802
internal_weight=8032.89 2934.38 1174.59 1759.79 5098.5 1733.05 395.405 120.624 439.413 1740.66 90.2804 3365.45 33.2868 735.181 165.328 122.219 1337.65 1327.99 407.089 133.277 116.405 50.477 274.781 271.795 202.309 69.4861 43.3121 141.402 60.9073 37.9002
internal_count=60933 37227 21425 15802 23706 7500 1681 506 8629 15536 379 16206 361 12796 2370 2891 5819 5778 1836 631 554 1301 1175 1160 868 292 182 603 265 164
is_linear=0
shrinkage=0.05


Tree=62
num_leaves=31
num_cat=0
split_feature=0 11 9 11 0 2 1 2 1 1 1 0 2 6 9 2 1 0 2 1 1 2 4 0 10 0 2 2 2 9
split_gain=27.3581 14.6769 11.1249 10.537 13.0482 11.4663 9.74694 11.9336 9.34033 13.8825 9.2955 7.97093 8.19567 7.6935 8.15811 9.85257 6.66073 6.64313 6.45929 6.30268 5.92758 7.61904 5.92734 7.15659 8.30238 6.69869 5.87426 6.88345 15.5618 5.8277
threshold=0.56319350000000012 0.94500000000000017 0.53455000000000008 0.94500000000000017 0.65859450000000008 0.31035000000000007 0.88533750000000011 0.77625000000000011 0.81792450000000005 0.84716200000000008 0.85864050000000014 0.41894750000000008 0.75495000000000012 0.24695100000000003 0.59635000000000016 0.49785000000000007 0.85805450000000005 0.60727850000000017 0.23545000000000002 0.92986250000000015 0.94952800000000004 0.86205000000000009 0.69482758620689666 0.39188700000000004 0.31455000000000005 0.49273550000000005 0.34075000000000005 0.70635000000000014 0.93725000000000014 0.74600000000000011
decision_type=2 2 2 2 2 2 2 2 2 2 2 2 2 2 2 2 2 2 2 2 2 2 2 2 2 2 2 2 2 2
left_child=1 2 -1 5 18 -2 8 11 22 29 16 -8 -13 14 -3 -16 17 -7 -5 -15 21 -21 23 -4 25 -25 -26 -28 -29 -10
right_child=3 13 6 4 -6 10 7 -9 9 -11 -12 12 -14 19 15 -17 -18 -19 -20 20 -22 -23 -24 24 26 -27 27 28 -30 -31
leaf_value=-0.0053144310330012151 0.0059067570278906883 0.0025946725224206147 0.029966529922542496 -0.014909106748456533 -0.014364008999974316 0.0025597048418654306 0.083234870775317785 -0.045899030315906662 0.024666491217801966 0.0011626807120715809 -0.024765964802713765 -0.012887004713698795 0.088790475639589403 0.0065592116834906197 0.0087982420424044857 -0.011087864662585618 0.11331498958523907 -0.035328200967115302 -0.0010167781004984248 0.0015905381306869665 0.026007048345178297 -0.055301825532358621 -0.030659206385451207 -0.0059760142481428387 0.0093123085253843992 0.03896124076148072 -0.037418838336558687 0.028950976116957034 -0.027791088180218606 -0.040224061905389498
leaf_weight=1086.450993899256 60.184463582932949 2553.6438177153468 17.50451871752739 88.88187937065959 240.64799698628485 55.690483506768942 2.8020144402980831 21.141480267047882 132.91327272355556 156.64856120571494 171.96023455262184 26.133061569184068 2.1445027589797965 1447.6205917596817 84.51016665995121 236.84942248463631 1.2035735994577397 14.603144569322465 1427.1543413028121 11.244918644428259 6.4196166396141043 12.345665439963339 17.743791006505489 15.62549716234207 27.315321572124958 17.672782026231289 28.201566718518734 19.223649747669697 32.532342869788408 3.5524645447731009
leaf_count=10781 867 12158 84 1135 5517 985 12 187 869 1087 4038 229 16 6201 377 1041 25 366 13646 50 30 54 121 80 212 164 190 115 272 24
internal_value=-6.79426e-05 0.00164896 -0.00243368 -0.00503471 -0.00354812 -0.0136353 0.00357183 -0.0169187 0.00585368 0.0113189 -0.0184662 0.00279476 -0.00517603 0.00315685 0.00164983 -0.00585828 -0.00331438 -0.00531132 -0.00183125 0.00608904 -0.0165909 -0.028183 -0.00325762 -0.000181824 -0.00393603 0.0178741 -0.010706 -0.0175448 -0.00671547 0.0229773
internal_weight=8020.57 5960.24 1607.61 2060.33 1756.68 303.642 521.155 52.2211 468.934 293.114 243.457 31.0796 28.2776 4352.63 2875 321.36 71.4972 70.2936 1516.04 1477.63 30.0102 23.5906 175.819 158.076 140.571 33.2983 107.273 79.9576 51.756 136.466
internal_count=60933 34354 14443 26579 20298 6281 3662 444 3218 1980 5414 257 245 19911 13576 1418 1376 1351 14781 6335 134 104 1238 1117 1033 244 789 577 387 893
is_linear=0
shrinkage=0.05


Tree=63
num_leaves=31
num_cat=0
split_feature=6 0 1 2 9 1 0 9 0 1 0 10 11 0 0 0 11 8 9 10 2 1 2 6 10 10 10 1 2 1
split_gain=24.8417 13.5143 8.44502 7.22563 7.40321 6.88049 10.702 6.9942 6.72952 7.03395 5.88359 6.66165 5.8164 5.72326 5.52169 5.51254 5.47983 7.86889 7.2785 6.51145 6.49194 6.21555 5.93903 5.29937 5.22676 5.15372 12.4957 6.62978 9.62275 6.54275
threshold=0.12973350000000003 0.61565050000000021 0.9597905000000001 0.97275000000000011 0.39905000000000007 0.88448700000000013 0.50000350000000016 0.62785000000000013 0.56729350000000012 0.88849000000000011 0.5328925000000001 0.36275000000000007 0.94500000000000017 0.61463200000000007 0.58075300000000019 0.68340750000000006 0.94500000000000017 1.0000000180025095e-35 0.50665000000000016 0.37045000000000006 0.65245000000000009 0.76849350000000005 0.11205000000000002 0.74166650000000012 0.42455000000000004 0.40125000000000005 0.40095000000000008 0.9184540000000001 0.50975000000000015 0.88773750000000018
decision_type=2 2 2 2 2 2 2 2 2 2 2 2 2 2 2 2 2 2 2 2 2 2 2 2 2 2 2 2 2 2
left_child=1 2 3 -1 -5 6 -6 10 9 -7 11 -8 -3 -4 -10 25 17 18 22 20 -19 -20 -2 -23 -16 26 27 -14 -29 -27
right_child=16 12 13 4 5 8 7 -9 14 -11 -12 -13 15 -15 24 -17 -18 19 21 -21 -22 23 -24 -25 -26 29 -28 28 -30 -31
leaf_value=-0.00016914194515948915 0.048510920076236655 -0.025087768714168547 -0.021124701405551352 -0.017715757673906287 -0.0062866782909630006 -0.04584650567395207 0.090835148189426729 -0.042522002340180991 -0.047246071651107252 -0.00043943286606652271 0.012573815793728875 0.025351565557022327 -0.0028968668573215459 0.077633167978608697 -0.018822829520768882 -0.019393024124959499 0.0037909347694652287 0.051576917206989918 -0.025718969738898902 -0.0249488688540642 -0.0080987688743884758 0.0042096453451618537 -0.0087135041107416801 0.022309301356134806 0.053569345028534304 -0.037189664189823217 0.10508138785989507 0.14749554275488885 0.014847543999416572 -0.0078807231121991519
leaf_weight=3172.4101719371974 4.6725792139768592 51.960028087720275 65.858713109046221 115.35806852579117 129.34981475770473 9.211059629917143 5.5012018829584148 4.7280402183532706 18.138119585812092 115.16053532809019 61.328276418149471 13.20982466638088 197.01706139743328 1.5004560705274332 38.796775568276644 86.868747286498547 3112.0695458948612 5.7881057560443905 13.430244028568266 59.294753544032574 21.434335231781006 140.03307655453682 153.00678224116564 56.86299130320549 2.6646343469619742 20.242269722744823 2.8104076795279971 1.7374301627278308 6.4164582043886185 320.98700180090964
leaf_count=25753 20 1460 855 1876 1049 63 38 40 163 841 760 87 3150 21 442 2245 13567 24 57 279 90 593 695 265 30 410 46 29 99 5886
internal_value=-6.56896e-05 -0.0025613 -0.00138039 -0.00105976 -0.00656259 -0.00333062 0.00276249 0.016571 -0.0104222 -0.00380232 0.0200617 0.0446043 -0.00900312 -0.0189248 -0.0242364 -0.0076892 0.00304194 -0.00208636 0.00110351 -0.0156546 0.00458963 0.00719193 -0.00701775 0.00943677 -0.0141703 -0.005838 0.000366 -0.00106838 0.0431122 -0.00961938
internal_weight=8007.85 4441.26 3753.22 3685.86 513.446 398.088 214.117 84.7673 183.971 124.372 80.0393 18.711 688.039 67.3592 59.5995 636.079 3566.59 454.523 368.006 86.5172 27.2224 210.326 157.679 196.896 41.4614 549.211 207.981 205.171 8.15389 341.229
internal_count=60933 45343 32018 31142 5389 3513 1974 925 1539 904 885 125 13325 876 635 11865 15590 2023 1630 393 114 915 715 858 472 9620 3324 3278 128 6296
is_linear=0
shrinkage=0.05


Tree=64
num_leaves=31
num_cat=0
split_feature=0 0 11 1 0 2 2 0 0 0 2 1 10 9 0 10 10 1 1 10 9 9 9 10 1 0 0 2 0 1
split_gain=23.3329 12.7107 11.4915 11.3284 7.78069 8.9679 6.35835 6.34333 6.28617 6.2707 8.3958 6.26229 5.43935 5.3825 5.32569 20.7535 7.17418 10.3115 7.06821 8.08303 6.9295 6.86152 10.3233 6.5512 11.1811 6.50416 8.38758 6.18029 6.09699 11.1831
threshold=0.49563750000000006 0.65997900000000009 0.94500000000000017 0.88204450000000012 0.5531775000000001 0.58155000000000012 0.37185000000000007 0.63697850000000011 0.62473250000000002 0.63904900000000009 0.68525000000000014 0.9797975000000001 0.44805000000000006 0.54305000000000014 0.64339050000000009 0.38685000000000008 0.41695000000000004 0.93922100000000019 0.85683850000000017 0.39255000000000007 0.58775000000000011 0.40435000000000004 0.39905000000000007 0.39425000000000004 0.88732400000000011 0.51884100000000011 0.61012850000000018 0.23545000000000002 0.58075300000000019 0.90508050000000007
decision_type=2 2 2 2 2 2 2 2 2 2 2 2 2 2 2 2 2 2 2 2 2 2 2 2 2 2 2 2 2 2
left_child=-1 2 3 8 13 7 14 11 -2 -8 -11 -6 -3 -5 16 27 18 25 20 -20 -4 22 -19 24 -21 -18 28 -16 29 -27
right_child=1 12 6 4 5 -7 9 -9 -10 10 -12 -13 -14 -15 15 -17 17 21 19 23 -22 -23 -24 -25 -26 26 -28 -29 -30 -31
leaf_value=0.0031876632406287325 -0.0016930284012891526 -0.012282027897706764 0.023161060709771017 -0.0044811398947547272 -0.010929019516999251 -0.027828158265105454 0.0013502910279689019 0.067501665908935624 -0.036664351906174543 -0.028148210526780057 -0.0023231009747825267 0.08354842894388162 -0.05199450850297857 -0.028424780898810773 0.037322371384213703 -0.004989586129669446 -0.029838659504097732 -0.019121744491875009 -0.025115048113291745 0.092163848733349429 -0.013810943164364277 -0.033207919963049934 0.14474866775903358 -0.010008211416736044 -0.0055454752595945163 0.087347705731479347 -0.01634434439388836 0.15961429265160607 0.092062999210963711 0.00074525169680417095
leaf_weight=3265.3754297941923 848.41022964194417 217.95158930495381 27.89670279994607 257.32746401056647 59.530652893707156 121.42961568944156 2616.9289979189634 2.9023576788604251 13.047579351812599 41.279309768229723 132.45848092064261 1.807192925363778 8.9776641447097045 25.827461954206228 1.6402921490371252 20.484247043728828 4.379938766360282 2.7408813610672977 99.740497127175331 4.3754250444471827 23.224285908043385 16.260714583098888 1.4800485074520109 142.3948234282434 8.8499039411544782 6.001900911331183 6.0761379040777674 2.7910424917936325 6.1952457651495925 9.8380266427993757
leaf_count=14374 9942 5128 190 3098 1050 3012 17197 60 367 682 2112 24 267 267 25 360 21 41 791 31 137 183 16 1230 75 27 78 35 52 61
internal_value=-6.35156e-05 -0.00230691 -0.00172534 -0.00562655 -0.0118811 -0.0198356 -9.08078e-05 -0.00472772 -0.0022227 0.000739595 -0.00845903 -0.00814544 -0.0138531 -0.00666512 -0.00611983 0.0162349 -0.00766935 0.00932128 -0.010606 -0.0140034 0.00636466 -0.0184634 0.0383386 -0.00688175 0.0267804 0.026836 0.0356663 0.114347 0.0500081 0.0335598
internal_weight=7997.62 4732.25 4505.32 1330.28 468.825 185.67 3175.04 64.2402 861.458 2790.67 173.738 61.3378 226.929 283.155 384.37 24.9156 359.455 52.9729 306.482 255.361 51.121 20.4816 4.22093 155.62 13.2253 32.4912 28.1113 4.43133 22.0352 15.8399
internal_count=60933 46559 41164 17820 7511 4146 23344 1134 10309 19991 2794 1074 5395 3365 3353 420 2933 479 2454 2127 327 240 57 1336 106 239 218 60 140 88
is_linear=0
shrinkage=0.05


Tree=65
num_leaves=31
num_cat=0
split_feature=0 11 11 0 2 1 1 6 1 1 6 2 10 8 1 10 9 9 0 1 10 1 10 2 6 9 10 1 2 6
split_gain=21.3626 11.5372 8.70756 10.2863 10.2432 8.52228 8.33475 7.12835 6.46496 6.21082 8.19256 6.8214 6.82842 6.19654 11.0884 14.6466 10.4167 8.24907 12.7692 8.16768 7.09627 6.5039 7.81881 6.53924 7.86844 10.9112 8.14513 10.0083 6.49058 10.8887
threshold=0.56319350000000012 0.81000000000000016 0.94500000000000017 0.65859450000000008 0.31035000000000007 0.93052050000000019 0.85864050000000014 0.54006450000000006 0.9597905000000001 0.92587500000000011 0.042572500000000006 0.68215000000000015 0.40695000000000003 1.0000000180025095e-35 0.90415950000000012 0.39665000000000006 0.52785000000000015 0.44725000000000004 0.65137450000000008 0.95474850000000011 0.38985000000000009 0.90804950000000006 0.40645000000000003 0.45545000000000008 0.031754000000000011 0.38785000000000008 0.41195000000000004 0.92986250000000015 0.98415000000000008 0.16172600000000001
decision_type=2 2 2 2 2 2 2 2 2 2 2 2 2 2 2 2 2 2 2 2 2 2 2 2 2 2 2 2 2 2
left_child=1 8 4 13 -2 7 -6 9 -1 -3 11 -11 -13 19 15 17 21 -15 -19 28 -20 -16 -23 -24 25 -25 -27 -28 -4 -30
right_child=2 5 3 -5 6 -7 -8 -9 -10 10 -12 12 -14 14 16 -17 -18 18 20 -21 -22 22 23 24 -26 26 27 -29 29 -31
leaf_value=-0.0022621474215830614 0.0060010046257204753 0.0025364509576917076 -0.00093796107539939264 -0.012920669467241647 -0.002789517726215615 -0.0065447649566892779 -0.023315739375155957 0.014604240134489441 -0.04019303926119825 0.0065074962544830889 0.0075432497446617083 0.11462613784201192 0.037694658963454926 -0.047801079131502611 0.057904539161707735 -0.028323087914873542 -0.024598541647842108 0.0075784369519082857 0.049007540059418223 -0.018726545216253405 0.21731167260148571 -0.0094949891347262758 -0.020658217688983446 -0.037665353863293671 0.016230425258247926 0.11199760048826618 -0.053454833760366284 0.057963437774629645 -0.020812350146626395 0.026871775683298321
leaf_weight=1357.5720273181796 60.079829514026642 4130.7790622264147 1041.7828088961542 232.69710099883378 70.769607165828347 238.60295846313238 164.20759740844369 131.95398512482643 11.327352199703453 7.2055869847536114 59.838871344923973 4.756198372691868 7.3290458098053932 6.3713004477322093 9.4984624534845334 46.759979266673326 16.003290072083473 72.191077578812838 1.4581614993512624 79.066198755055666 1.0978265963494775 26.084830120205879 8.6868573017418367 3.258406117558482 74.389789946377277 5.6922343708574799 2.3252446502447155 15.131658520549534 86.774872552603483 13.88821132481098
leaf_count=12955 867 18799 9925 5517 1376 1335 4038 659 209 48 273 30 46 90 84 438 107 573 24 1192 16 238 124 69 476 82 44 242 993 64
internal_value=-6.18338e-05 0.00145165 -0.00447957 -0.00313501 -0.012423 0.00265535 -0.0171337 0.00316093 -0.00257602 0.00280226 0.0166779 0.0450131 0.0679714 -0.00162746 0.00495712 -0.00603554 0.0136845 0.00681192 0.011467 -0.00318505 0.121296 0.0179077 0.0151054 0.0209665 0.0245538 0.0480005 0.0600586 0.0431226 -0.00210946 -0.0142335
internal_weight=7987.58 5949.37 2038.22 1743.16 295.057 4580.47 234.977 4341.86 1368.9 4209.91 79.1297 19.2908 12.0852 1510.46 288.949 127.878 161.071 81.1184 74.7471 1221.51 2.55599 145.067 135.569 109.484 100.797 26.4075 23.1491 17.4569 1142.45 100.663
internal_count=60933 34354 26579 20298 6281 21190 5414 19855 13164 19196 397 124 76 14781 2607 1141 1466 703 613 12174 40 1359 1275 1037 913 437 368 286 10982 1057
is_linear=0
shrinkage=0.05


Tree=66
num_leaves=31
num_cat=0
split_feature=0 0 11 1 9 0 2 0 2 10 1 10 0 9 0 10 9 10 10 1 0 7 2 9 2 10 1 9 9 10
split_gain=19.5831 10.6646 9.5561 10.1727 7.03529 7.02773 7.0086 6.78455 5.72135 5.35889 5.29467 10.9897 9.58954 10.4862 8.68615 9.51609 7.05558 6.38928 5.37976 11.9749 5.27085 7.95739 7.69963 4.97562 4.94542 4.76901 9.5461 7.04602 6.89728 6.02142
threshold=0.49563750000000006 0.65997900000000009 0.94500000000000017 0.89942850000000008 0.5152500000000001 0.60727850000000017 0.24225000000000002 0.61358250000000014 0.37795000000000006 0.44805000000000006 0.86547850000000015 0.39255000000000007 0.6297195000000001 0.57765000000000011 0.64339050000000009 0.38645000000000007 0.53275000000000017 0.36805000000000004 0.39425000000000004 0.88732400000000011 0.63904900000000009 0.76095250000000014 0.68525000000000014 0.65880000000000016 0.30345000000000005 0.41695000000000004 0.90673550000000003 0.41825000000000007 0.45485000000000003 0.42255000000000004
decision_type=2 2 2 2 2 2 2 2 2 2 2 2 2 2 2 2 2 2 2 2 2 2 2 2 2 2 2 2 2 2
left_child=-1 2 3 5 -5 -2 7 -7 10 -3 12 14 16 -14 -12 -16 17 -4 19 -13 23 -22 -23 -10 -21 27 -27 -20 29 -28
right_child=1 9 8 4 -6 6 -8 -9 20 -11 11 18 13 -15 15 -17 -18 -19 25 24 21 22 -24 -25 -26 26 28 -29 -30 -31
leaf_value=0.0029166443413921558 -0.0020010931592221461 -0.011280078044887896 0.090122119720231431 -0.010903435554659134 -0.036609646412493368 0.096119725551505858 -0.029129543507116731 -0.013184308321066252 0.0014419878464371645 -0.051870422503989023 -0.027528934215619433 0.096721565132211015 0.14494189169429908 -0.0083728034686838624 0.096070827919064322 -0.05419265003335462 -0.0063236180461008137 0.01406113427329536 -0.045591559199905304 0.024324674879891407 0.080938712767162579 -0.028657439562563888 -0.0032788373960458911 -0.023810819255169504 -0.049763822483885625 0.046340074813696744 0.04766944918768716 -0.0063420706239952565 -0.024461157856853474 -0.0027877809278803317
leaf_weight=3264.1397362276912 992.92603183537722 213.19727670587599 3.5657753869891158 249.08277185447514 29.800594659522176 2.3012079894542685 41.126814559102058 3.7060057260096073 2587.6811753921211 8.4539067074656469 82.337648063898087 4.2894709371030322 2.498912137001752 2.014296505600214 2.9825152754783621 1.629182770848274 60.06868077814579 12.233585860580204 12.446371108293532 5.9269211925566179 2.4896217361092559 38.796932049095631 130.12786599248648 19.654152914881706 3.633020393550396 12.315168306231497 8.807185575366022 140.6427393220365 21.026611380279064 17.991646565496922
leaf_count=14374 11674 5128 25 4455 465 29 1135 62 17027 267 682 32 33 23 40 25 373 82 146 58 12 664 2104 94 29 73 92 1289 215 226
internal_value=-6.02629e-05 -0.00212169 -0.0015934 -0.0051704 -0.0136503 -0.00289658 -0.0217608 0.0286872 -0.000106599 -0.0128282 -0.00574199 -0.00867294 0.00570847 0.0765158 -0.0237888 0.042987 0.00149631 0.0312274 -0.00288501 0.0273125 0.000693276 -0.00779971 -0.00910754 0.00125163 -0.00383083 -0.00484636 0.00708386 -0.00953311 -0.00302472 0.0137945
internal_weight=7977.89 4713.75 4492.1 1318.94 278.883 1040.06 47.134 6.00721 3173.16 221.651 394.41 314.028 80.3813 4.51321 86.9493 4.6117 75.868 15.7994 227.079 13.8494 2778.75 171.414 168.925 2607.34 9.55994 213.23 60.1406 153.089 47.8254 26.7988
internal_count=60933 46559 41164 17820 4920 12900 1226 91 23344 5395 3443 2907 536 56 747 65 480 107 2160 119 19901 2780 2768 17121 87 2041 606 1435 533 318
is_linear=0
shrinkage=0.05


Tree=67
num_leaves=31
num_cat=0
split_feature=0 8 1 10 10 2 2 0 5 2 10 9 9 11 2 0 1 11 2 9 2 10 10 2 10 10 6 2 9 10
split_gain=18.0601 9.84267 8.11334 9.60887 8.74563 18.28 19.7602 12.8254 11.6633 10.1815 9.0618 7.94765 8.6669 7.52343 9.27481 8.56157 7.776 7.26981 14.7746 9.79026 9.79593 8.32899 10.9725 7.93579 7.42585 6.75873 10.8309 10.0605 6.67771 7.13155
threshold=0.56319350000000012 1.0000000180025095e-35 0.89983950000000001 0.38835000000000003 0.40155000000000007 0.67685000000000006 0.39415000000000006 0.52397400000000005 0.75000000000000011 0.78575000000000006 0.43835000000000007 0.53965000000000007 0.46355000000000007 0.94500000000000017 0.31035000000000007 0.65859450000000008 0.85864050000000014 0.94500000000000017 0.31685000000000008 0.5484500000000001 0.75495000000000012 0.37895000000000006 0.38025000000000003 0.41795000000000004 0.34115000000000006 0.41575000000000006 0.13841000000000003 0.22835000000000003 0.38785000000000008 0.41905000000000003
decision_type=2 2 2 2 2 2 2 2 2 2 2 2 2 2 2 2 2 2 2 2 2 2 2 2 2 2 2 2 2 2
left_child=1 2 4 -4 8 6 7 -6 -1 -7 11 12 -8 14 -2 -15 -16 24 -19 20 21 -20 -23 -24 -3 26 27 -9 -11 -30
right_child=13 17 3 -5 5 9 10 25 -10 28 -12 -13 -14 15 16 -17 -18 18 19 -21 -22 22 23 -25 -26 -27 -28 -29 29 -31
leaf_value=0.025658959315807528 0.005870631352869137 0.0056026599505317395 -0.027374213705675578 -0.00035906524313975583 0.0098308746735223419 0.037186899838558329 0.0056804191645449705 0.016267406016144521 0.0022514606300600808 -0.051029540405072543 0.02455065623905715 0.0031356276531821453 -0.027466401037495564 -0.0015276546638439766 -0.0023149938268390816 -0.011932011541484671 -0.022297307137915348 -0.03173881844406487 0.041397311910919152 -0.0036930709812433233 0.0022438185551633349 -0.075623608981244525 -0.025847281882666967 0.017878215096374855 -0.0071759680934112063 0.089289910966924541 -0.014378923219109878 0.12866687295962972 0.011234595375747804 0.043509642311751175
leaf_weight=54.328128457069397 60.178849147632718 135.28545556589961 34.084097422659397 959.84839127212763 87.733323611319065 65.701196305453777 25.710812412202358 4.0460807830095309 2602.7992906011641 3.8811767958104602 19.003940895199776 57.857267718762159 84.643616773188114 1507.6152426637709 70.144159708172083 227.57193668372929 159.14939435012639 32.694838836789131 28.853532582521439 373.37377798557281 354.77151407301426 3.4953651726245871 11.350453928112982 120.95941063016653 712.16932405531406 7.9160918667912474 6.7894205451011658 3.9192185327410698 133.16911504045129 19.639696627855301
leaf_count=295 867 1242 204 5331 396 317 138 38 12813 37 84 257 403 14781 1376 5517 4038 181 131 1585 1610 15 58 558 7853 48 32 28 606 94
internal_value=-5.85837e-05 0.00133064 0.00265715 -0.00128547 0.00389056 0.00982046 0.00171683 0.0184938 0.00273005 0.0206653 -0.00817682 -0.0118743 -0.0197437 -0.00413709 -0.0115994 -0.0028922 -0.0161844 -0.00179012 0.00127362 0.00248255 0.00692168 0.0170005 0.0118171 0.0141271 -0.00513602 0.0520182 0.0320215 0.0715721 0.0137377 0.0153827
internal_weight=7968.68 5944.02 4171.07 993.932 3177.14 520.011 297.62 110.404 2657.13 222.391 187.216 168.212 110.354 2024.66 289.472 1735.19 229.294 1772.95 925.499 892.804 519.43 164.659 135.805 132.31 847.455 22.6708 14.7547 7.9653 156.69 152.809
internal_count=60933 34354 21121 5535 15586 2478 1424 542 13108 1054 882 798 541 26579 6281 20298 5414 13233 4138 3957 2372 762 631 616 9095 146 98 66 737 700
is_linear=0
shrinkage=0.05


Tree=68
num_leaves=31
num_cat=0
split_feature=6 10 2 0 11 9 10 1 10 10 2 2 10 1 0 9 9 2 9 10 0 2 9 10 11 2 9 1 1 6
split_gain=16.6771 10.9772 7.96653 6.11041 11.1732 11.1674 10.2964 11.4145 8.35864 7.47336 5.59905 10.1973 5.4535 6.11983 5.50326 6.94047 5.22159 5.24186 6.38845 7.21226 7.71994 6.15276 9.58969 7.69023 7.89716 6.1515 6.08563 5.39668 16.6943 5.34936
threshold=0.13100700000000001 0.42125000000000007 0.94725000000000015 0.51607300000000011 0.49000000000000005 0.37305000000000005 0.39955000000000007 0.88323450000000003 0.32035000000000008 0.42095000000000005 0.8519500000000001 0.71775000000000011 0.35685000000000006 0.80878400000000006 0.57457200000000019 0.43225000000000008 0.38785000000000008 0.55995000000000006 0.50335000000000008 0.39105000000000006 0.50906700000000005 0.15385000000000001 0.51945000000000008 0.38445000000000007 0.65000000000000002 0.5686500000000001 0.66565000000000007 0.84201650000000006 0.83299150000000022 0.11834750000000001
decision_type=2 2 2 2 2 2 2 2 2 2 2 2 2 2 2 2 2 2 2 2 2 2 2 2 2 2 2 2 2 2
left_child=1 2 3 5 -5 6 7 -1 -6 -10 11 -11 13 14 -4 -16 -7 18 -18 21 29 22 -20 24 -23 -19 -27 28 -24 -21
right_child=-2 -3 12 4 8 16 -8 -9 9 10 -12 -13 -14 -15 15 -17 17 25 19 20 -22 23 27 -25 -26 26 -28 -29 -30 -31
leaf_value=0.022640724089806719 0.0025052420432972473 -0.0091688183977027046 -0.011020207359398751 -0.016564936326910581 0.086651701293327679 -0.026631201002367919 -0.018785747573371734 0.086690204545255362 -0.0013578703387198165 0.0322154766546347 -0.012753354091921278 0.1992417532941273 -0.0079458716725209558 0.018929417187314251 -0.018942184736506558 0.13210646966460904 -0.0082796747051955347 0.041184070582684029 0.087437971036354201 0.019487639728776308 0.0815416441852444 -0.019306115102764934 0.0073221215278816906 -0.032470312164130204 0.0053769486834119775 0.0033125673333842358 0.042803265465193828 -0.016569524232990816 0.14109943155592714 -0.044434363427144574
leaf_weight=32.218916602432728 3532.9388253875077 488.7544459272176 46.975376404821873 123.8520891405642 2.7140139266848555 16.356997765600681 10.607680477201937 8.8714647591114026 1750.3310428932309 2.7735985517501822 2.1158115211874247 1.3628167230635879 584.62613367661834 42.969454053789377 1.4860692285001271 1.5575847141444681 232.31783672422171 11.166291907429693 4.3631487488746634 38.506101347506046 4.711967632174491 43.134130880236626 18.238596171140674 21.492879919707775 130.27825951576233 774.93365196883678 9.88002100586891 13.027781546115873 2.6739835217595092 3.5770017653703681
leaf_count=284 15461 7699 467 1937 23 162 117 71 19655 39 25 20 6330 408 34 18 2067 63 37 263 28 360 159 111 588 4311 64 98 19 15
internal_value=-5.65131e-05 -0.00210142 -0.00122408 -0.00019859 -0.00204936 0.00233366 0.0251316 0.0364691 -0.00102748 -0.00116295 0.0534048 0.0872453 -0.00615695 0.00509016 -0.00679863 0.0583567 0.00144391 0.00179492 -0.00215 0.00293576 0.0208499 -0.000658852 0.0176611 -0.00425916 -0.00076265 0.00433402 0.00380972 0.00869109 0.0244275 0.0140544
internal_weight=7958.81 4425.88 3937.12 3259.51 1883.15 1376.36 51.6981 41.0904 1759.3 1756.58 6.25223 4.13642 677.615 92.9885 50.019 3.04365 1324.66 1308.3 512.322 280.004 46.7951 233.209 38.3035 194.905 173.412 795.98 784.814 33.9404 20.9126 42.0831
internal_count=60933 45472 37773 30516 21699 8817 472 355 19762 19739 84 59 7257 927 519 52 8345 8183 3745 1678 306 1372 313 1059 948 4438 4375 276 178 278
is_linear=0
shrinkage=0.05


Tree=69
num_leaves=31
num_cat=0
split_feature=0 8 6 2 6 0 10 1 11 9 2 11 2 9 2 10 10 2 10 1 1 6 2 4 10 9 0 9 5 2
split_gain=15.4375 9.36556 6.98557 6.97399 7.29555 5.98751 5.93566 11.5867 7.16446 8.28574 6.09715 5.92298 14.0676 9.23444 8.86453 8.31772 9.88625 7.16103 7.01909 6.00343 5.76675 6.02798 5.75272 5.72805 11.5339 5.70428 5.62951 6.15241 5.58255 11.7222
threshold=0.56046800000000008 1.0000000180025095e-35 0.26201400000000002 0.98565000000000014 0.16869950000000003 0.3474810000000001 0.39695000000000008 0.88732400000000011 0.94500000000000017 0.31355000000000005 0.57740000000000014 0.94500000000000017 0.31685000000000008 0.5484500000000001 0.75495000000000012 0.37895000000000006 0.38025000000000003 0.40565000000000007 0.34115000000000006 0.91300150000000013 0.88812400000000014 0.14907400000000001 0.34715000000000007 0.67816091954023006 0.33005000000000007 0.66565000000000007 0.48126700000000006 0.54495000000000016 0.75000000000000011 0.77355000000000007
decision_type=2 2 2 2 2 2 2 2 2 2 2 2 2 2 2 2 2 2 2 2 2 2 2 2 2 2 2 2 2 2
left_child=1 2 5 6 -5 -1 -2 -8 9 -9 -11 18 26 14 15 -14 -17 -18 23 22 21 -10 -15 -3 -25 -7 -13 -28 -20 -30
right_child=3 11 -4 4 -6 25 7 8 20 10 -12 12 13 19 -16 16 17 -19 28 -21 -22 -23 -24 24 -26 -27 27 -29 29 -31
leaf_value=0.021819223455819756 0.00089399330274122731 0.013164534867782275 0.005649166839527652 -0.014580854752031025 0.015237797911365814 0.0011787043387985333 -0.019011112876839858 0.14961579721700355 0.091537138393217796 -0.0019929928843085156 -0.028944025515404339 -0.058045592910436254 0.040658662803370507 0.056484589126647722 0.0020098669340947103 -0.072143753807854732 -0.029479640822614325 0.016345048302142697 -0.0037127389952213864 0.034653024241326463 -0.0021344944211472414 -0.018925415292480968 -0.005556804575565376 -0.021091639920044869 0.039363446617537941 -0.019685323100674373 -0.037960584916234281 0.019529592317660029 -0.024113100272070268 -0.0016449754287074546
leaf_weight=34.735399171710014 708.47206369042397 87.592360220849514 1269.8218779116869 217.16357612237334 22.65234436839819 2770.6367521099746 129.54372245445848 0.74211036413907905 3.3066297527402631 34.977346995845437 52.459397250786424 12.388080328702928 28.507926180958748 3.7758234143257132 350.0857160165906 3.4887774586677542 9.1669550836086255 121.82337975502014 466.2529865168035 9.8508131727576238 921.38145913183689 1.9713493436574934 357.60228864103556 37.556769356131554 9.9875743463635427 33.152024313807487 11.594928227365019 7.7737217247486106 119.5062098801136 112.88913084566593
leaf_count=154 8148 754 5556 3726 108 14732 1762 17 41 661 1459 56 128 16 1586 15 48 557 5391 43 11384 10 1516 373 108 172 76 44 1196 1096
internal_value=-5.49329e-05 0.00126187 0.0025666 -0.00374117 -0.0117643 0.00118761 -0.00270274 -0.00492943 -0.0031319 -0.0167508 -0.0181628 -0.00180143 0.000973847 0.00214803 0.0064942 0.0161263 0.0109257 0.0131381 -0.00485055 -0.00385878 -0.00183596 0.0502789 -0.00490857 0.00558045 -0.00839192 0.000932008 -0.0317226 -0.0148866 -0.00686818 -0.0131989
internal_weight=7950.86 5858.19 4108.35 2092.67 239.816 2838.52 1852.85 1144.38 1014.84 88.1789 87.4367 1749.84 916.058 884.302 513.073 162.987 134.479 130.99 833.785 371.229 926.659 5.27798 361.378 135.137 47.5443 2803.79 31.7567 19.3686 698.648 232.395
internal_count=60933 33617 20614 27316 3834 15058 23482 15334 13572 2137 2120 13003 4085 3909 2334 748 620 605 8918 1575 11435 51 1532 1235 481 14904 176 120 7683 2292
is_linear=0
shrinkage=0.05


Tree=70
num_leaves=31
num_cat=0
split_feature=0 4 1 6 11 2 0 2 2 1 1 8 9 2 0 10 10 10 8 2 1 10 6 10 1 9 9 2 0 2
split_gain=14.0136 8.25103 8.26553 9.38739 8.0966 10.548 8.47523 7.02802 6.29741 7.21008 6.07151 8.76298 9.68036 8.70181 9.03628 6.27258 5.54609 5.45304 5.44078 8.73859 7.87366 23.3893 10.4805 8.04316 8.74664 7.65405 9.23691 11.1848 8.05201 7.40095
threshold=0.54799150000000008 0.67816091954023006 0.95794050000000008 0.18634250000000002 0.94500000000000017 0.36535000000000006 0.65859450000000008 0.23545000000000002 0.24225000000000002 0.89251350000000007 0.84640950000000015 1.0000000180025095e-35 0.5918500000000001 0.68525000000000014 0.56934600000000013 0.36345000000000005 0.39015000000000005 0.44805000000000006 1.0000000180025095e-35 0.41795000000000004 0.90508050000000007 0.39635000000000004 0.030776500000000002 0.39955000000000007 0.90804950000000006 0.44725000000000004 0.46875000000000006 0.76655000000000006 0.57678450000000014 0.54215000000000013
decision_type=2 2 2 2 2 2 2 2 2 2 2 2 2 2 2 2 2 2 2 2 2 2 2 2 2 2 2 2 2 2
left_child=1 2 -1 -4 5 -2 7 16 9 -9 11 13 -13 -7 -15 -14 -6 -8 -10 -20 21 25 29 -24 -25 -21 27 -27 -29 -22
right_child=4 -3 3 -5 6 10 17 8 18 -11 -12 12 15 14 -16 -17 -18 -19 19 20 22 -23 23 24 -26 26 -28 28 -30 -31
leaf_value=0.0018082243420653003 0.0050662756463998072 -0.010836725500499163 -0.038564409144253464 0.035967177223430548 -0.03331030269195203 -0.0089727001192350126 -0.0096286842020752161 0.13503601057643794 -0.0016110770925940284 0.012606835233307865 -0.017845366991206518 -0.025298653907621756 -0.026781363126763325 0.019995690862363684 0.1086944987765419 0.085866256320674322 -0.0066395076492851146 -0.051740749133127574 -0.033191701995210404 -0.039939023630140638 0.12431279692728883 -0.028272330684377945 -0.029441558958537457 0.076536245776223699 0.0085930542068433473 -0.018815529405413738 0.01238560498637741 0.032932812449112961 0.16165360364087333 0.030797530484037064
leaf_weight=5314.9484810866416 91.928779810667038 135.34570601209998 23.455275002866987 5.1529277116060248 26.523268945515156 10.596461711451413 215.57818610221148 1.8155233897268761 1407.2286602556705 3.5619268752634525 240.75456196628511 32.406904591247439 1.8938735928386439 7.757286708801983 4.5589067488908768 3.5563683416694403 73.526790827512741 7.9713960401713839 13.98555577918887 6.2398502826690665 2.2296531163156024 52.00789112970233 13.390776626765726 4.9463035911321631 111.86101165786386 2.3973470367491236 79.724333625286818 1.9775060713291166 3.1504663378000259 41.412314806133509
leaf_count=28814 1325 1462 281 26 293 150 5247 20 12736 42 5621 689 35 107 70 63 952 270 149 86 32 451 77 23 671 23 558 12 34 614
internal_value=-5.30645e-05 0.00135515 0.00166395 -0.0251397 -0.00318563 -0.00976039 -0.00193565 -0.00082217 -8.36399e-05 0.0539411 -0.0142807 -0.000158599 -0.0149298 0.0242469 0.052828 0.046723 -0.0137099 -0.0111303 -0.00025055 0.00549335 0.00718758 -0.00139427 0.0143703 0.00726243 0.0114702 0.0135579 0.0173839 0.0703361 0.112015 0.0355752
internal_weight=7941.88 5478.9 5343.56 28.6082 2462.98 393.453 2069.53 1845.98 1745.93 5.37745 301.524 60.7698 37.8571 22.9127 12.3162 5.45024 100.05 223.55 1740.55 333.323 319.337 145.497 173.84 130.198 116.807 93.4895 87.2497 7.52532 5.12797 43.642
internal_count=60933 30583 29121 307 30350 8060 22290 16773 15528 62 6735 1114 787 327 177 98 1245 5517 15466 2730 2581 1164 1417 771 694 713 627 69 46 646
is_linear=0
shrinkage=0.05


Tree=71
num_leaves=31
num_cat=0
split_feature=6 10 2 0 11 9 10 2 10 1 1 2 2 9 1 2 0 1 10 2 9 10 1 2 8 10 10 11 6 6
split_gain=13.1091 9.29496 7.03199 5.24353 10.1327 9.54133 9.63517 9.96813 7.06182 5.39833 8.81712 7.17682 8.69488 5.57296 5.38178 5.2128 5.95932 5.14844 6.15746 7.78343 8.32137 7.54834 10.2417 7.44891 10.5635 9.39143 7.04487 6.59536 7.33862 6.10838
threshold=0.13100700000000001 0.41905000000000003 0.94725000000000015 0.51607300000000011 0.49000000000000005 0.37305000000000005 0.39955000000000007 0.68525000000000014 0.32035000000000008 0.82336650000000011 0.8290995000000001 0.75495000000000012 0.58155000000000012 0.57345000000000013 0.88958000000000015 0.94225000000000014 0.62759600000000015 0.74837900000000002 0.37855000000000005 0.60535000000000017 0.61370000000000013 0.39285000000000009 0.82336650000000011 0.34715000000000007 1.0000000180025095e-35 0.39785000000000004 0.43945000000000006 0.94500000000000017 0.74166650000000012 0.32392650000000006
decision_type=2 2 2 2 2 2 2 2 2 2 2 2 2 2 2 2 2 2 2 2 2 2 2 2 2 2 2 2 2 2
left_child=1 2 3 5 -5 6 7 -1 -6 -10 11 12 13 -11 -9 -12 -17 -2 -19 21 27 22 -20 24 25 -23 -25 28 -21 -24
right_child=17 -3 -4 4 8 -7 -8 14 9 10 15 -13 -14 -15 -16 16 -18 18 19 20 -22 23 29 26 -26 -27 -28 -29 -30 -31
leaf_value=0.019040700297039324 -0.019902325520213465 -0.0078713922302056701 -0.0057045723348156038 -0.015869054386199597 0.077514655373895403 0.0014910006464854937 -0.021070827667636162 0.049456168311660879 -0.017608958577748423 0.10811318969858071 -0.0011664004677213629 0.082269587037122477 -0.030711885205091678 0.016629622944808884 0.12261464428439993 0.01081339752684945 0.077182802491724767 0.0057215328367088321 -0.050395946630634597 -0.010789012725779507 -0.013515822067563519 -0.022312267127956205 0.00031066120634650434 -0.012984834477987922 -0.035433980222875153 0.011687361441819588 0.014516372400533016 0.0045823319096799922 0.012458145346334371 0.018808653051974988
leaf_weight=30.862898908555508 26.110241279006004 562.97743969783187 656.38841668888927 119.19222735986114 2.8744609393179408 1311.0176345594227 9.8993188291788083 7.5073439404368383 47.121548973023891 2.6797983162105101 1612.4975586067885 5.4211673419922581 5.9544757977128029 4.3948025330901146 3.7793475762009621 18.211272537708286 4.1536255683749905 990.59095449745655 8.0533153861761075 144.29025473445654 74.900235518813133 24.216462016105652 120.46111937612295 311.91150183230639 16.952629201114178 125.92736123502254 25.165603198111057 1546.7967533096671 44.392539292573929 70.894201770424843
leaf_count=284 113 8757 7041 1898 23 8244 110 46 413 28 18230 46 50 34 25 164 79 4305 36 647 319 111 520 1413 98 597 114 6677 193 318
internal_value=-5.19531e-05 -0.00187134 -0.000992132 -2.11298e-05 -0.00177547 0.00232452 0.0233195 0.033745 -0.000789242 -0.000921609 -0.000445998 0.0339253 0.0138101 0.0512828 0.0739533 -0.000833895 0.0231396 0.00221796 0.00238276 0.00106717 0.00280157 -0.00339559 0.00483927 -0.00665261 0.00197931 0.00620361 -0.0109316 0.00350579 -0.00531951 0.00716388
internal_weight=7935.6 4404.93 3841.96 3185.57 1822.5 1363.07 52.0489 42.1496 1703.31 1700.43 1653.31 18.4502 13.0291 7.0746 11.2867 1634.86 22.3649 3530.66 3504.55 2513.96 1810.38 703.582 199.409 504.174 167.096 150.144 337.077 1735.48 188.683 191.355
internal_count=60933 45472 36715 29674 20965 8709 465 355 19067 19044 18631 158 112 62 71 18473 243 15461 15348 11043 7836 3207 874 2333 806 708 1527 7517 840 838
is_linear=0
shrinkage=0.05


Tree=72
num_leaves=31
num_cat=0
split_feature=0 8 1 10 10 2 2 0 5 2 10 9 9 6 0 11 1 2 2 2 2 1 1 0 0 9 9 10 7 10
split_gain=12.1351 7.6014 6.6545 8.69174 8.09614 16.1853 17.1194 11.3999 10.4596 9.17439 7.72215 7.14905 7.92 6.71493 6.33735 6.87428 8.17157 7.28652 7.12011 7.9336 11.7112 21.522 8.36953 6.88903 7.67923 6.31387 6.4704 7.36014 10.0603 6.04431
threshold=0.56319350000000012 1.0000000180025095e-35 0.89983950000000001 0.38835000000000003 0.40155000000000007 0.67685000000000006 0.39415000000000006 0.52397400000000005 0.75000000000000011 0.78575000000000006 0.43835000000000007 0.53965000000000007 0.46355000000000007 0.35857150000000004 0.68340750000000006 0.94500000000000017 0.88163550000000013 0.58155000000000012 0.31035000000000007 0.68525000000000014 0.81025000000000014 0.80610850000000012 0.88000050000000007 0.6039000000000001 0.60139900000000013 0.60725000000000007 0.38785000000000008 0.41905000000000003 0.68857750000000018 0.37855000000000005
decision_type=2 2 2 2 2 2 2 2 2 2 2 2 2 2 2 2 2 2 2 2 2 2 2 2 2 2 2 2 2 2
left_child=1 2 4 -4 8 6 7 -6 13 -7 11 12 -8 -1 15 16 18 -18 29 -20 21 -21 -23 24 -22 26 -11 -28 -29 -2
right_child=14 -3 3 -5 5 9 10 -9 -10 25 -12 -13 -14 -15 -16 -17 17 -19 19 20 23 22 -24 -25 -26 -27 27 28 -30 -31
leaf_value=0.056457373733532747 -0.0099652225000406835 -0.0016657885135268114 -0.026306729858241586 -0.00044657035658113927 0.008757829751608796 0.034931052462301847 0.0055789943391207943 0.048161152937203938 0.0018009600404706402 -0.050208017416861178 0.022491675239819955 0.003011826586452486 -0.026127147209705843 0.014417760618941356 -0.016910034008660171 -0.0015931992072756637 -0.0039076542153645977 -0.027550428229941439 -0.023624608780816295 0.27603125220673758 -0.0022623877039221977 0.017572836292462042 0.17592722795807314 -0.038285911367665432 0.11257707082781794 -0.036402452589841344 0.012102264816964017 0.015740155156216334 0.090436098412399357 0.042065424074010038
leaf_weight=12.373678267002104 8.7710199430584925 1763.4466918669641 33.632598076015711 958.61621169000864 87.707414351403713 65.887092892080545 25.715645261108875 23.214188285171986 2599.7939033620059 3.7388190105557433 18.909272536635399 57.851565163582563 84.140604589134455 40.881662890315056 83.418676069006324 1635.6777477748692 52.175449656322598 86.808388751000166 43.429046923294663 0.89566534012556331 37.821390677243471 17.622949831187729 0.87588362582027812 14.377953590825198 1.5139841064810742 6.2866306751966468 127.62712631002069 11.265865668654444 7.5143598765134803 15.350519042462109
leaf_count=63 105 13233 204 5331 396 317 138 146 12813 37 84 257 403 232 2277 18021 961 2548 875 10 728 385 22 422 34 36 578 48 38 191
internal_value=-5.0126e-05 0.00108575 0.00225069 -0.00132311 0.00336831 0.00907403 0.00144789 0.0170043 0.00225029 0.0192804 -0.00779857 -0.0112138 -0.0187052 0.0241855 -0.00341932 -0.00283175 -0.0100763 -0.0186748 -0.00158017 -0.00669818 0.00335681 0.0366603 0.0250706 -0.00866824 0.00215768 0.0126886 0.014744 0.0164027 0.0456276 0.0231462
internal_weight=7927.34 5928.6 4165.16 992.249 3172.91 519.859 297.539 110.922 2653.05 222.32 186.617 167.708 109.856 53.2553 1998.74 1915.32 279.642 138.984 140.658 116.537 73.1078 19.3945 18.4988 53.7133 39.3354 156.433 150.146 146.407 18.7802 24.1215
internal_count=60933 34354 21121 5535 15586 2478 1424 542 13108 1054 882 798 541 295 26579 24302 6281 3509 2772 2476 1601 417 407 1184 762 737 701 664 86 296
is_linear=0
shrinkage=0.05


Tree=73
num_leaves=31
num_cat=0
split_feature=6 0 10 10 2 1 2 0 2 9 9 0 0 9 9 10 1 2 11 10 2 10 9 9 2 1 10 0 1 10
split_gain=11.3207 8.29035 6.31862 8.83498 21.0501 5.27191 5.04967 4.81851 11.8906 7.13441 4.82599 4.73155 5.49838 8.55801 19.671 7.54478 9.37683 8.65604 9.14305 4.808 4.5604 5.32365 6.61473 14.1185 9.48967 14.6098 10.0457 9.22677 6.73194 6.71254
threshold=0.030776500000000002 0.62051900000000015 0.40355000000000008 0.40325000000000005 0.83335000000000015 0.98392700000000011 0.43025000000000008 0.44564100000000001 0.20645000000000002 0.56755000000000011 0.59465000000000012 0.68541800000000019 0.63597350000000008 0.54635000000000011 0.56415000000000015 0.37445000000000006 0.88732400000000011 0.39975000000000005 0.94500000000000017 0.39665000000000006 0.55515000000000014 0.39455000000000007 0.50005000000000011 0.44515000000000005 0.96635000000000015 0.86547850000000015 0.37735000000000007 0.67977700000000019 0.88997250000000017 0.39195000000000008
decision_type=2 2 2 2 2 2 2 2 2 2 2 2 2 2 2 2 2 2 2 2 2 2 2 2 2 2 2 2 2 2
left_child=1 7 3 6 -5 -2 11 8 -1 -10 -11 12 -3 15 -15 -14 -17 18 -18 -20 -8 22 23 28 25 -25 -26 29 -22 -27
right_child=5 2 -4 4 -6 -7 20 -9 9 10 -12 -13 13 14 -16 16 17 -19 19 -21 21 -23 -24 24 26 27 -28 -29 -30 -31
leaf_value=0.076242370271332724 0.0014342404560299486 -0.011300012051171822 -0.01454713006214285 0.24352640899859754 -0.05228437546414863 -0.037736221402691922 -0.036836370014379061 -0.001808011981930181 -0.0079081395429298571 0.062069216812441222 0.0074430290052585326 -0.039970113708554043 0.11432324200533189 0.18813903657616515 -0.0028341955904870198 -0.039285879842823779 0.14571251379021397 0.14171343737829045 -0.028058712067602826 0.034291661955452406 -0.033054740757877128 -0.017655729310720618 -0.013869717308829764 -0.025267672195903586 0.11085643503972163 0.096809662701494964 -0.052569048976005887 0.21290233346944892 0.051019470736436902 0.011017411751345102
leaf_weight=6.5448793768882743 5063.8774505667388 13.138949573040007 233.3756713680923 1.1825271621346467 1.2238003201782701 8.6045462787151319 12.749894419685004 2376.230754500255 35.378989145159721 7.3557447791099575 8.9781976193189603 4.200609639286994 1.7674889974296153 2.4787828773260108 2.9569220319390297 7.3550309054553535 1.2491820454597444 1.5439076870679844 6.0553376898169518 6.3178529813885689 13.168398590758445 50.368638565763831 29.614483326673508 3.6767840068787399 1.2257524449378241 8.3595926221460086 4.0381985660642385 1.3218021877109993 2.9064986463636151 3.1350178699940434
leaf_count=30 23588 239 6619 28 31 118 293 26246 161 33 44 121 23 41 54 153 18 34 126 133 373 1221 634 88 31 181 91 38 77 66
internal_value=-4.86035e-05 -0.00257139 -0.00911786 -0.00208003 0.0930842 0.00136779 -0.00336921 -0.00145971 0.0127469 0.00471078 0.0320431 0.0106723 0.0156352 0.0275413 0.0842532 0.0148494 0.00704265 0.0295101 0.0167934 0.0037779 -0.00843067 -0.00535662 0.00382828 0.0176821 0.0439368 0.0625919 -0.0145141 0.0877971 -0.0178533 0.0734108
internal_weight=7920.38 2847.9 413.411 180.035 2.40633 5072.48 177.629 2434.49 58.2578 51.7129 16.3339 47.0641 42.8635 29.7245 5.4357 24.2888 22.5213 15.1663 13.6224 12.3732 130.565 117.815 67.4465 37.832 21.7571 16.4932 5.26395 12.8164 16.0749 11.4946
internal_count=60933 37227 10713 4094 59 23706 4035 26514 268 238 77 942 821 582 95 487 464 311 277 259 3093 2800 1579 945 495 373 122 285 450 247
is_linear=0
shrinkage=0.05


Tree=74
num_leaves=31
num_cat=0
split_feature=0 2 0 11 9 1 2 2 10 6 1 2 2 6 10 2 2 7 0 2 1 6 1 1 1 1 8 2 10 6
split_gain=10.6149 8.65473 7.41558 8.20858 9.42001 8.96521 9.16733 9.8955 9.83624 9.51001 8.78781 7.85375 7.91842 7.19667 6.81211 6.73795 16.8522 10.8966 10.1139 11.4837 8.67486 7.76395 7.73206 11.3878 7.58315 8.24928 7.06998 7.04014 6.54738 6.45746
threshold=0.46807400000000005 0.10025000000000002 0.63489750000000011 0.94500000000000017 0.56145000000000012 0.85152650000000019 0.90865000000000007 0.30345000000000005 0.37245000000000006 0.087596000000000021 0.87592800000000015 0.47705000000000003 0.8519500000000001 0.43095200000000006 0.40355000000000008 0.31685000000000008 0.53725000000000012 0.82426450000000007 0.58075300000000019 0.86615000000000009 0.84716200000000008 0.036375500000000012 0.85423450000000012 0.87550800000000006 0.85805450000000005 0.90160700000000016 1.0000000180025095e-35 0.9950500000000001 0.44485000000000002 0.065591500000000011
decision_type=2 2 2 2 2 2 2 2 2 2 2 2 2 2 2 2 2 2 2 2 2 2 2 2 2 2 2 2 2 2
left_child=1 -1 3 10 5 6 7 29 -8 -9 -2 -7 28 15 -4 20 21 18 19 26 -6 22 -17 -24 -20 -26 -18 -21 -13 -5
right_child=2 -3 14 4 13 11 8 9 -10 -11 -12 12 -14 -15 -16 16 17 -19 24 27 -22 -23 23 -25 25 -27 -28 -29 -30 -31
leaf_value=0.046838034546923479 -0.0006598937080337609 0.0025131109828174965 0.00040384834778240362 0.089261688154224861 0.0066015193745756458 -0.0047018559123659306 0.023483314317363734 -0.0068088247761590006 0.12130134387270763 0.024766270524237081 -0.008621681667433545 0.0057030275071525034 -0.00054322764820037182 -0.034095315345559297 -0.01193170256018011 0.015863216968634023 -0.0050401617134165329 -0.012202370020491094 -0.013400056398525442 0.020518092875079198 -0.030932164542901597 0.0080138948241420451 0.11842221193757521 0.013268085316239429 0.064502958482783784 -0.012457604069084109 -0.034099538436137909 -0.014998014609609481 -0.040945025855398193 0.0091643849603069445
leaf_weight=11.063505440950392 854.45017131790519 2402.8272569775581 180.73898982815444 6.2622132301330549 23.116231389343739 449.98110668733716 7.2145356163382512 58.971143558621407 3.992053534835577 40.037202998995781 583.08382447808981 1155.5951897390187 1082.0169447101653 19.758715212345123 293.92981371283531 15.21109936386347 108.09208677709103 305.20044649764895 7.0925569087266949 65.632384553551674 46.084109798073769 108.72948271036148 5.8016470298171026 4.6290160715579987 15.208510279655458 4.5157971233129492 25.957059353590012 17.7203389108181 7.5714102126657954 4.2066693902015686
leaf_count=54 9627 10438 3459 47 134 3375 51 400 23 169 8588 7162 6999 82 6515 109 440 1752 30 266 291 495 47 35 63 20 105 72 67 18
internal_value=-4.79129e-05 0.00271626 -0.0012609 -0.000696736 0.000582155 0.00192414 0.0152567 0.0108477 0.0583284 0.00595958 -0.00388931 0.00132714 0.00253547 -0.00430795 -0.00723471 -0.00352632 -0.00202169 -0.00590354 0.00196813 -0.00160552 -0.0183941 0.0138505 0.0385995 0.0717559 0.0309394 0.0468832 -0.0106672 0.0129676 0.00539938 0.0570765
internal_weight=7914.69 2413.89 5500.8 5026.13 3588.6 2815.85 120.684 109.477 11.2066 99.0083 1437.53 2695.16 2245.18 772.749 474.669 752.991 683.79 549.419 244.219 217.402 69.2003 134.371 25.6418 10.4307 26.8169 19.7243 134.049 83.3527 1163.17 10.4689
internal_count=60933 10492 50441 40467 22252 18311 708 634 74 569 18215 17603 14228 3941 9974 3859 3434 2748 996 883 425 686 191 82 113 83 545 338 7229 65
is_linear=0
shrinkage=0.05


Tree=75
num_leaves=31
num_cat=0
split_feature=0 4 1 7 0 7 7 0 11 1 2 2 2 2 1 2 0 0 2 2 11 0 10 10 8 1 10 1 9 9
split_gain=9.89122 6.45498 5.87933 7.1106 7.3335 7.0174 6.23715 5.38039 5.98672 7.39422 6.87249 6.3436 7.34393 10.2977 15.1657 6.49008 6.44979 6.25526 5.73995 7.85967 6.84419 7.10623 5.91062 5.27609 5.20665 10.3907 14.9824 9.27928 9.02771 8.92017
threshold=0.56319350000000012 0.67816091954023006 0.93052050000000019 0.77913300000000008 0.43954150000000008 0.76253150000000014 0.79449500000000006 0.68340750000000006 0.94500000000000017 0.88163550000000013 0.58155000000000012 0.31035000000000007 0.68525000000000014 0.81025000000000014 0.80610850000000012 0.78785000000000005 0.6039000000000001 0.60139900000000013 0.76885000000000014 0.76415000000000011 0.81000000000000016 0.58931300000000009 0.38335000000000002 0.37855000000000005 1.0000000180025095e-35 0.90415950000000012 0.39575000000000005 0.93922100000000019 0.44725000000000004 0.52785000000000015
decision_type=2 2 2 2 2 2 2 2 2 2 2 2 2 2 2 2 2 2 2 2 2 2 2 2 2 2 2 2 2 2
left_child=1 2 -1 5 -5 -4 -6 8 9 11 -11 23 -13 14 -14 18 17 -15 19 20 22 -22 -16 -2 27 26 28 -10 -26 -27
right_child=7 -3 3 4 6 -7 -8 -9 24 10 -12 12 13 16 15 -17 -18 -19 -20 -21 21 -23 -24 -25 25 29 -28 -29 -30 -31
leaf_value=0.001594433309644041 -0.0095096862943864005 -0.0098714904186140758 -0.013968888249531426 0.050335245843555303 0.066355933771522574 -0.063388256977333399 -0.0040568720164190948 -0.015729037219756895 -0.0009724459216420763 -0.0033699928689517929 -0.026562172406366387 -0.022789891068011624 0.21613656368828016 -0.002012156556260844 0.031758689181587162 0.088690275377962868 -0.037580769196865482 0.096889376771654157 -0.052622421663396618 0.16630935534471813 0.16173494234559338 0.015531257282770404 -0.052526533051816315 0.038979087710756144 -0.04733796092982559 0.015869353519668925 -0.0262763402718749 -0.012466412106384063 0.012289247103166399 -0.022614984603730678
leaf_weight=5498.3773265182972 8.6940146796405333 133.99981033802032 58.581105932593346 6.6390441060066214 3.1921914517879477 8.1871790736913663 212.80679995752871 80.90225837752223 1103.4604039844126 51.645211091265082 83.72942066565156 42.365297498181462 1.0812515281140829 37.648049879819155 4.1324150059372169 3.1812573559582225 13.764807213097809 1.6696466915309418 2.9390079453587523 0.91223261691629964 1.3657737821340572 2.1230840645730495 4.1880821865051985 15.815610587596892 6.9200628362596026 162.23559593968093 54.776835149154067 208.82691490650177 76.772364739328623 16.597664844244719
leaf_count=30746 105 1465 512 28 15 38 1550 2277 11502 961 2548 875 10 728 88 70 422 34 67 19 18 47 98 191 126 1712 647 3244 673 117
internal_value=-4.63793e-05 0.000977645 0.00122883 -0.00571727 -0.00142532 -0.0200287 -0.00301626 -0.00310017 -0.0025638 -0.00938414 -0.0177144 -0.00132222 -0.00622994 0.00337984 0.0340319 0.0235817 -0.00812461 0.00218775 0.0103558 0.0249053 0.0139823 0.0727652 -0.0106659 0.0217792 -0.00141177 0.00433585 -0.00594675 -0.0028015 0.007359 0.0122976
internal_weight=7907.53 5921.78 5787.78 289.406 222.638 66.7683 215.999 1985.75 1904.85 275.255 135.375 139.881 115.371 73.0056 19.9231 18.8419 53.0825 39.3177 15.6606 12.7216 11.8094 3.48886 8.3205 24.5096 1629.59 317.303 138.469 1312.29 83.6924 178.833
internal_count=60933 34354 32889 2143 1593 550 1565 26579 24302 6281 3509 2772 2476 1601 417 407 1184 762 337 270 251 65 186 296 18021 3275 1446 14746 799 1829
is_linear=0
shrinkage=0.05


Tree=76
num_leaves=31
num_cat=0
split_feature=6 2 9 0 11 9 10 2 10 2 11 2 8 10 6 9 10 0 10 2 9 9 2 6 2 8 0 0 9 1
split_gain=9.20128 9.81453 5.57368 5.55906 6.18632 5.3415 11.2416 8.52868 5.22737 10.4419 7.178 6.34822 7.85747 6.48859 6.22102 7.82282 7.45857 6.9721 6.98489 9.03223 6.39573 7.1361 6.00343 5.9884 5.82319 8.82443 5.38291 8.18774 8.08528 6.03117
threshold=0.14907400000000001 0.93535000000000013 0.31970000000000004 0.52003200000000016 0.49000000000000005 0.37305000000000005 0.39955000000000007 0.68525000000000014 0.39165000000000005 0.60135000000000016 0.49000000000000005 0.32355000000000006 1.0000000180025095e-35 0.39785000000000004 0.71825400000000006 0.58305000000000007 0.39075000000000004 0.6065735000000001 0.38185000000000008 0.7591500000000001 0.55505000000000015 0.71015000000000017 0.13515000000000002 0.19139200000000003 0.53275000000000017 1.0000000180025095e-35 0.52397400000000005 0.52003200000000016 0.49095000000000005 0.77585900000000019
decision_type=2 2 2 2 2 2 2 2 2 2 2 2 2 2 2 2 2 2 2 2 2 2 2 2 2 2 2 2 2 2
left_child=1 3 -3 5 -5 6 7 -1 10 11 -2 12 13 -10 15 26 17 18 23 -20 -16 -22 -15 -17 25 -25 27 29 -28 -12
right_child=8 2 -4 4 -6 -7 -8 -9 9 -11 14 -13 -14 22 20 16 -18 -19 19 -21 21 -23 -24 24 -26 -27 28 -29 -30 -31
leaf_value=0.017841291487413004 -0.019273573136804136 -0.021652566935710202 -0.0050550725927568747 -0.012641673140739058 -0.0013149350354772153 0.0012640150358504661 -0.0084398509900857829 0.067819788367387765 -0.015877718758119545 0.0025871254534363527 -0.079961166407345907 -0.009761488169439253 -0.032212164170026043 0.0465126262983784 -0.031919445498753474 -0.011731216718580108 0.050294266636779522 0.045287396279642907 -0.029335025605503176 0.00075148120886489979 0.047604750750627145 -0.012671055259338508 0.0082692108939671841 0.017116495203522871 0.00037615390231794286 -0.021568353800758441 -0.048181076407254088 0.060547514227745208 0.0013997573977426517 0.0090499152846215125
leaf_weight=31.31302772462368 32.19947637617588 53.593795461580157 900.12900300137699 128.44331783987582 1961.3011556770653 1560.5862007252872 29.911072783172131 11.735015638172625 24.664232432842255 1183.2998460233212 1.9087914675474156 344.83109919726849 14.224702857434748 11.645936444401739 4.1540162563323966 75.912482634186745 7.4559777081012717 8.4169020503759366 45.124642163515091 55.782993540167809 22.497234627604488 6.2813878804445258 86.346145763993263 118.0801991969347 428.56203952431679 16.844545140862465 9.0956301987171155 7.7318491339683524 85.663018047809601 634.32818223536015
leaf_count=285 136 992 9915 2122 23244 9840 378 71 114 5126 8 1559 84 52 21 314 32 39 196 237 133 30 407 551 1855 70 42 32 367 2681
internal_value=-4.53948e-05 -0.00146219 -0.00598776 -0.000302966 -0.00201112 0.00188222 0.0151055 0.0314656 0.00200926 6.0755e-05 0.00408888 -0.00614514 0.00296518 0.00704477 0.00458125 0.0041077 0.000532716 3.71786e-05 -0.000477293 -0.0127028 0.0260772 0.0344486 0.0128143 0.0014521 0.00322814 0.0122869 0.00776714 0.00940439 -0.00335937 0.00878287
internal_weight=7902.06 4677.01 953.723 3723.29 2089.74 1633.55 72.9591 43.048 3225.05 1665.01 1560.04 481.712 136.881 122.656 1527.84 1494.91 756.18 748.724 740.307 100.908 32.9326 28.7786 97.9921 639.399 563.487 134.925 738.727 643.969 94.7586 636.237
internal_count=60933 46847 10907 35940 25366 10574 734 356 14086 7342 6744 2216 657 573 6608 6424 3294 3262 3223 433 184 163 459 2790 2476 621 3130 2721 409 2689
is_linear=0
shrinkage=0.05


Tree=77
num_leaves=31
num_cat=0
split_feature=0 11 9 1 7 10 2 0 6 9 2 6 0 10 9 7 1 2 9 0 1 8 0 1 2 9 1 9 1 10
split_gain=8.57162 8.46188 9.80328 12.6996 6.63819 6.45836 5.79746 5.7667 5.6232 8.00418 6.78279 5.84613 8.31248 5.95846 5.32636 9.14533 7.3232 7.84588 14.0256 9.36448 7.0445 9.71385 9.11272 7.03622 9.37033 12.0552 6.68703 6.57937 8.73154 6.28095
threshold=0.63489750000000011 0.94500000000000017 0.53695000000000015 0.89983950000000001 0.71240600000000009 0.40355000000000008 0.29755000000000004 0.61758700000000011 0.24695100000000003 0.59635000000000016 0.49785000000000007 0.026671500000000004 0.60139900000000013 0.35125000000000006 0.54585000000000006 0.66228100000000012 0.88286350000000013 0.70345000000000013 0.6926000000000001 0.41894750000000008 0.85284950000000015 1.0000000180025095e-35 0.49878850000000002 0.85078350000000003 0.93725000000000014 0.56415000000000015 0.86751350000000016 0.64415000000000011 0.80878400000000006 0.35965000000000008
decision_type=2 2 2 2 2 2 2 2 2 2 2 2 2 2 2 2 2 2 2 2 2 2 2 2 2 2 2 2 2 2
left_child=1 2 7 6 -2 -6 -4 -1 9 -3 -11 13 -13 -12 15 -8 17 19 23 -16 -17 22 -22 24 27 -26 -23 -19 -29 -20
right_child=4 8 3 -5 5 -7 14 -9 -10 10 11 12 -14 -15 16 20 -18 18 29 -21 21 26 -24 -25 25 -27 -28 28 -30 -31
leaf_value=-0.0045585246276556406 0.058319223643249596 0.0010641124935971893 0.016032379687572689 -0.035601061576206468 0.00030510708118346662 -0.011808412046396238 0.053930678007597634 -0.031815658910365287 0.003904139474051365 0.0045811472321684787 -0.0013805614476231555 -0.0088808674180581217 0.052790807375774185 -0.039261393610385359 0.01619598577976911 -0.035127261910419379 -0.024841731077506955 0.040299561423985719 -0.0049016726053203938 -0.013109533410012024 0.045368594029511433 0.1655511017885205 -0.049352972267261007 0.00049686627151483448 -0.048466183819263292 0.016660506815707424 0.040009659006684753 0.046380447740269073 -0.038325483199652559 -0.046778968336408905
leaf_weight=1260.2945395987481 3.9047409147024146 3683.8436743542552 90.608698762953281 20.485992623493075 178.86647671088576 285.92330628074706 13.066070072352884 19.708137312904 1542.5097067281604 99.168635584414005 15.502869069576262 221.25940555334091 5.6022000312805167 31.420293021947145 35.399638116359711 8.3482361845672148 26.689021872356534 58.091145168989897 30.940334677696228 118.55354374833405 4.7193801105022413 1.5601005814969529 5.4963568300008774 58.179599247872829 8.7735326141118986 37.374566737562418 3.3137242272496223 5.5583103336393815 6.7210108004510403 12.600187011063097
leaf_count=15064 17 22391 695 251 3455 6502 86 652 6690 494 95 927 28 262 169 76 272 393 209 999 24 19 71 476 80 306 44 31 42 113
internal_value=-4.34089e-05 0.000370508 -0.00258472 0.00302145 -0.00660133 -0.00714673 0.00452569 -0.0049782 0.0013345 0.000357448 -0.00662263 -0.0106808 -0.00735793 -0.026746 0.00213101 0.0204121 0.00045801 0.0022722 0.00836947 -0.00637109 0.00172613 0.0221151 -0.0055943 0.0146975 0.0217881 0.00427882 0.0801952 0.0332705 1.71781e-05 -0.0170205
internal_weight=7894.48 7425.79 1826.48 546.479 468.695 464.79 525.993 1280 5599.31 4056.8 372.953 273.785 226.862 46.9232 435.385 36.5039 398.881 372.192 218.239 153.953 23.4378 15.0896 10.2157 174.698 116.519 46.1481 4.87382 70.3705 12.2793 43.5405
internal_count=60933 50959 20072 4356 9974 9957 4105 15716 30887 24197 1806 1312 955 357 3410 320 3090 2818 1650 1168 234 158 95 1328 852 386 63 466 73 322
is_linear=0
shrinkage=0.05


Tree=78
num_leaves=31
num_cat=0
split_feature=0 8 0 1 1 2 6 10 9 9 9 0 10 2 2 10 10 0 1 10 10 0 0 10 0 2 7 10 2 6
split_gain=7.93258 5.97017 5.67302 5.34918 7.52442 8.15547 13.2413 6.72564 5.91421 5.53656 9.40404 6.21358 5.49105 8.68425 9.97913 10.7339 8.23651 7.40377 5.60272 7.75385 9.53985 11.1046 11.6783 6.58124 6.42353 8.98448 6.18181 5.82852 5.7059 6.34175
threshold=0.56319350000000012 1.0000000180025095e-35 0.29514450000000009 0.93052050000000019 0.92587500000000011 0.68215000000000015 0.040833500000000009 0.40355000000000008 0.53965000000000007 0.49095000000000005 0.44255000000000005 0.49563750000000006 0.42025000000000007 0.68525000000000014 0.39975000000000005 0.43835000000000007 0.42495000000000005 0.52529950000000014 0.89983950000000001 0.41485000000000005 0.39335000000000003 0.54366950000000014 0.54711700000000019 0.40725000000000006 0.55920500000000006 0.9527500000000001 0.94519500000000012 0.40405000000000008 0.7833500000000001 0.035098500000000012
decision_type=2 2 2 2 2 2 2 2 2 2 2 2 2 2 2 2 2 2 2 2 2 2 2 2 2 2 2 2 2 2
left_child=1 2 -1 4 12 -6 7 -7 -5 10 -8 -12 18 14 17 -16 -15 -14 -4 20 -20 -22 26 -24 25 -25 -23 -28 -21 -30
right_child=-2 -3 3 8 5 6 9 -9 -10 -11 11 -13 13 16 15 -17 -18 -19 19 28 21 22 23 24 -26 -27 27 -29 29 -31
leaf_value=0.016602819105336491 -0.00278690952561657 -0.001570729808323541 0.0022597569360928082 -0.0043107919966905491 -0.011077567076000494 0.1492449248142893 -0.027069129931739877 0.055417181013762973 -0.04379280999572336 -0.0088474282104429921 0.087868920500716596 0.025071926910181754 0.011139475479776825 0.039524338313326766 -0.018498612427698135 0.022820287133165019 0.0054416643181954159 0.062723755812424897 -0.016489371900993303 -0.035982242857571616 -0.0018275894156278959 0.031233691175960195 -0.0011617630668699589 -0.001589552016897966 0.082700462953418749 0.094102456131297085 0.059088424918478266 0.15873564946515428 -0.061719267109239778 0.00320520686376568
leaf_weight=64.644643679261208 1973.6341222543269 1755.7402590885758 2983.3043143637478 191.80684414505959 17.383451323956251 2.3314329460263243 5.4923419356346157 10.563380952924488 9.978458318859337 15.828484088182448 6.2403632253408459 10.682196646928785 34.605794928967953 38.541204873472452 62.32407283782959 21.019140619784594 32.821991194039583 8.7059148363769037 85.814775131642818 28.84302294999361 409.37470765039325 9.6951960176229495 47.529113102704287 12.583391495049002 4.8948866724967948 3.046836841851472 4.1245824061334124 2.2779135666787624 4.3393987007439128 28.230819374322891
leaf_count=348 26579 13233 14672 1273 116 16 26 90 49 69 27 50 152 186 292 95 173 54 496 152 2020 44 362 90 37 20 31 22 39 120
internal_value=-4.21773e-05 0.000873992 0.00190653 0.00167438 0.00208607 0.0185084 0.0285655 0.0723816 -0.00626321 0.0137917 0.0297786 0.0482289 0.00179165 0.00989927 0.00203949 -0.00807799 0.0238487 0.0215082 0.00134865 -0.00289339 -0.00110259 0.00157287 0.0181151 0.00905608 0.0327171 0.0170639 0.0564129 0.0945414 -0.0197869 -0.00544482
internal_weight=7886.4 5912.77 4157.03 4092.38 3890.6 68.5217 51.1382 12.8948 201.785 38.2434 22.4149 16.9226 3822.08 198.018 126.655 83.3432 71.3632 43.3117 3624.06 640.755 579.341 493.527 84.1519 68.0542 20.5251 15.6302 16.0977 6.4025 61.4132 32.5702
internal_count=60933 34354 21121 20773 19451 394 278 106 1322 172 103 77 19057 952 593 387 359 206 18105 3433 3122 2626 606 509 147 110 97 53 311 159
is_linear=0
shrinkage=0.05


Tree=79
num_leaves=31
num_cat=0
split_feature=0 11 9 1 7 10 0 2 6 9 2 1 0 10 10 2 10 2 7 2 1 0 2 10 1 1 1 2 0 6
split_gain=7.46142 7.55702 8.80604 11.5315 5.94174 5.93965 5.38723 5.18146 4.89947 5.1227 11.0877 12.4716 8.32888 8.26862 7.7052 10.1542 7.82053 7.3243 12.3704 8.7314 8.40575 7.8132 7.75046 9.64553 7.16917 6.68827 6.5216 8.40161 7.95467 6.25055
threshold=0.63489750000000011 0.94500000000000017 0.53695000000000015 0.89983950000000001 0.71240600000000009 0.40355000000000008 0.61758700000000011 0.29755000000000004 0.39208050000000005 0.55615000000000014 0.53275000000000017 0.85078350000000003 0.29514450000000009 0.38745000000000007 0.43445000000000006 0.96875000000000011 0.34325000000000006 0.49785000000000007 0.83558550000000009 0.90695000000000014 0.85423450000000012 0.49563750000000006 0.73975000000000013 0.35785000000000006 0.87592800000000015 0.90899950000000007 0.8868950000000001 0.85385000000000011 0.59964400000000018 0.20761500000000002
decision_type=2 2 2 2 2 2 2 2 2 2 2 2 2 2 2 2 2 2 2 2 2 2 2 2 2 2 2 2 2 2
left_child=1 2 6 7 -2 -6 -1 -4 9 10 11 13 -11 -3 16 -16 -12 24 19 25 21 -21 -20 -24 -14 26 28 -28 -19 -13
right_child=4 8 3 -5 5 -7 -8 -9 -10 12 14 29 17 -15 15 -17 -18 18 22 20 -22 -23 23 -25 -26 -27 27 -29 -30 -31
leaf_value=-0.0043283781828600343 0.054860256724223823 0.028594484691041779 0.015109284566465582 -0.034458275307065543 0.00042996678393982055 -0.011222433038786228 -0.031092934533027736 0.0020025317016233103 0.0060650396500999456 0.036787064192389841 -0.055629163009355581 -0.0033757117095945186 0.0084492733724619677 -0.019525945263572 -0.020952498722021477 0.024378377296088532 0.0037999586793372011 -0.0051968709786412689 -0.0026768893423680211 0.015907598225624871 0.0010822243202679301 0.066039510073360425 0.0021830257992195802 -0.020835906201815812 -0.0098919104938646543 -0.038521339856216252 0.023601715941469328 -0.021981482743419059 0.042193066383802429 -0.015963359034586771
leaf_weight=1255.6874860618263 3.9520895332097998 44.42217480763793 91.245747029781342 19.941772749647498 178.49234390631318 282.37548206187785 19.086965821683407 434.35903965868056 483.5868154168129 14.022697940468786 5.5468949005007735 520.23973839357495 261.54479809477925 11.172405209392307 63.667024336755276 15.327891271561382 2758.0980361811817 463.46601569652557 198.3787713162601 74.108362883329391 140.56282994896173 8.68274077773094 58.410681523382664 206.03248329088092 66.908557709306479 13.090924501419066 45.304791927337646 13.011936619877813 9.0275049358606321 121.68925476074219
leaf_count=15064 17 237 695 251 3455 6502 652 3410 2192 72 32 3820 1301 49 520 146 15879 1944 1022 321 584 35 290 1200 366 56 187 53 38 543
internal_value=-4.07766e-05 0.000344362 -0.0024541 0.00286193 -0.00618601 -0.0067095 -0.00472912 0.00427788 0.00125462 0.000799628 0.00185446 -0.00379438 -0.00157504 0.0189241 0.00324057 -0.0121567 0.00368068 -0.0019202 -0.00369139 0.000202937 0.00852642 0.0211652 -0.0101473 -0.0157514 0.00471303 -0.00321512 -0.00234439 0.013431 -0.00429143 -0.00576193
internal_weight=7881.44 7416.62 1820.32 545.547 464.82 460.868 1274.77 525.605 5596.3 5112.72 3540.16 697.524 1572.55 55.5946 2842.64 78.9949 2763.64 1558.53 1230.08 767.255 223.354 82.7911 462.822 264.443 328.453 543.901 530.81 58.3167 472.494 641.929
internal_count=60933 50959 20072 4356 9974 9957 15716 4105 30887 28695 21226 4649 7469 286 16577 666 15911 7397 5730 3218 940 356 2512 1490 1667 2278 2222 240 1982 4363
is_linear=0
shrinkage=0.05


end of trees

feature_importances:
weakness=514
style_preference=388
difficulty_fit=320
engagement=309
forgetting_risk=284
positive_feedback=233
mastery_confidence=188
novelty=85
negative_feedback=58
graph_distance_fit=14
duration_fit=7

parameters:
[boosting: gbdt]
[objective: binary]
[metric: binary_logloss]
[tree_learner: serial]
[device_type: cpu]
[data_sample_strategy: bagging]
[data: ]
[valid: ]
[num_iterations: 80]
[learning_rate: 0.05]
[num_leaves: 31]
[num_threads: 1]
[seed: 42]
[deterministic: 0]
[force_col_wise: 0]
[force_row_wise: 0]
[histogram_pool_size: -1]
[max_depth: -1]
[min_data_in_leaf: 20]
[min_sum_hessian_in_leaf: 0.001]
[bagging_fraction: 1]
[pos_bagging_fraction: 1]
[neg_bagging_fraction: 1]
[bagging_freq: 0]
[bagging_seed: 400]
[bagging_by_query: 0]
[feature_fraction: 1]
[feature_fraction_bynode: 1]
[feature_fraction_seed: 30056]
[extra_trees: 0]
[extra_seed: 12879]
[early_stopping_round: 0]
[early_stopping_min_delta: 0]
[first_metric_only: 0]
[max_delta_step: 0]
[lambda_l1: 0]
[lambda_l2: 0]
[linear_lambda: 0]
[min_gain_to_split: 0]
[drop_rate: 0.1]
[max_drop: 50]
[skip_drop: 0.5]
[xgboost_dart_mode: 0]
[uniform_drop: 0]
[drop_seed: 17869]
[top_rate: 0.2]
[other_rate: 0.1]
[min_data_per_group: 100]
[max_cat_threshold: 32]
[cat_l2: 10]
[cat_smooth: 10]
[max_cat_to_onehot: 4]
[top_k: 20]
[monotone_constraints: ]
[monotone_constraints_method: basic]
[monotone_penalty: 0]
[feature_contri: ]
[forcedsplits_filename: ]
[refit_decay_rate: 0.9]
[cegb_tradeoff: 1]
[cegb_penalty_split: 0]
[cegb_penalty_feature_lazy: ]
[cegb_penalty_feature_coupled: ]
[path_smooth: 0]
[interaction_constraints: ]
[verbosity: 1]
[saved_feature_importance_type: 0]
[use_quantized_grad: 0]
[num_grad_quant_bins: 4]
[quant_train_renew_leaf: 0]
[stochastic_rounding: 1]
[linear_tree: 0]
[max_bin: 255]
[max_bin_by_feature: ]
[min_data_in_bin: 3]
[bin_construct_sample_cnt: 200000]
[data_random_seed: 175]
[is_enable_sparse: 1]
[enable_bundle: 1]
[use_missing: 1]
[zero_as_missing: 0]
[feature_pre_filter: 1]
[pre_partition: 0]
[two_round: 0]
[header: 0]
[label_column: ]
[weight_column: ]
[group_column: ]
[ignore_column: ]
[categorical_feature: ]
[forcedbins_filename: ]
[precise_float_parser: 0]
[parser_config_file: ]
[objective_seed: 16083]
[num_class: 1]
[is_unbalance: 0]
[scale_pos_weight: 1]
[sigmoid: 1]
[boost_from_average: 1]
[reg_sqrt: 0]
[alpha: 0.9]
[fair_c: 1]
[poisson_max_delta_step: 0.7]
[tweedie_variance_power: 1.5]
[lambdarank_truncation_level: 30]
[lambdarank_norm: 1]
[label_gain: ]
[lambdarank_position_bias_regularization: 0]
[eval_at: ]
[multi_error_top_k: 1]
[auc_mu_weights: ]
[num_machines: 1]
[local_listen_port: 12400]
[time_out: 120]
[machine_list_filename: ]
[machines: ]
[gpu_platform_id: -1]
[gpu_device_id: -1]
[gpu_use_dp: 0]
[num_gpu: 1]

end of parameters

pandas_categorical:[]
